"SbjNum","VAR00001","Date","Srvyr","DC1","DC2","DEPARTAMENTO","PROVINCIA","DISTRITO","DC4","DC5","mp1","mp2","I_1_mp3","I_2_mp3","I_3_mp3","I_4_mp3","mp4","mp5","mp6","mp7","mp8","mp9","mp10","mp11","I_1_mp12","I_2_mp12","I_3_mp12","I_4_mp12","I_5_mp12","I_6_mp12","I_7_mp12","I_8_mp12","I_9_mp12","I_10_mp12","I_11_mp12","I_12_mp12","I_13_mp12","I_14_mp12","mp12x","mp13","mp14","mp15","mp16","mp17","mp18_O1","mp18_O2","mp18_O3","mp18_O4","mp18_O5","mp18_O6","mp18_O7","mp18_O8","mp18_O9","mp18_O10","mp18_O11","mp18_O12","mp18_O13","mp18_O14","mp18_O15","mp18_O16","mp18_O17","mp18_O18","mp18_O19","mp19","mp20"
196982383,20891,"2024-02-03 15:21:45","ENCUESTADOR 8",1,19,14,1401,140106,1,3,8,1,1,2,2,2,1,1,1,1,2.0,2.0,36.0,4.0,2.0,2.0,2.0,2.0,2.0,2.0,2.0,2.0,2.0,2.0,2.0,2.0,2.0,2.0,2.0,2.0,2.0,-1.0,4.0,1.0,6.0,14.0,13.0,-1.0,-1.0,-1.0,-1.0,-1.0,-1.0,-1.0,-1.0,-1.0,-1.0,-1.0,-1.0,-1.0,-1.0,-1.0,-1.0,2.0,1.0
197075330,20232,"2024-02-05 15:31:30","ENCUESTADOR 88",1,28,15,1501,150143,1,4,1,5,1,2,2,2,1,1,1,1,3.0,3.0,23.0,9.0,3.0,3.0,2.0,2.0,2.0,2.0,2.0,2.0,2.0,2.0,2.0,2.0,2.0,2.0,2.0,2.0,2.0,-1.0,3.0,1.0,1.0,8.0,13.0,-1.0,-1.0,-1.0,-1.0,-1.0,-1.0,-1.0,-1.0,-1.0,-1.0,-1.0,-1.0,-1.0,-1.0,-1.0,-1.0,1.0,2.0
197026651,19994,"2024-02-04 15:55:23","ENCUESTADOR 91",2,69,15,1501,150132,1,3,4,3,1,2,2,2,1,1,6,1,5.0,1.0,4.0,98.0,6.0,6.0,2.0,6.0,6.0,6.0,6.0,6.0,6.0,3.0,6.0,6.0,6.0,6.0,6.0,3.0,1.0,3.0,3.0,2.0,-1.0,-1.0,-1.0,-1.0,-1.0,-1.0,-1.0,-1.0,-1.0,-1.0,-1.0,-1.0,-1.0,-1.0,-1.0,-1.0,-1.0,-1.0,-1.0,1.0,4.0
197034266,20907,"2024-02-04 15:06:24","ENCUESTADOR 55",1,48,25,2501,250101,1,3,2,4,1,1,2,2,1,1,3,4,1.0,1.0,11.0,6.0,3.0,3.0,3.0,3.0,3.0,3.0,3.0,3.0,3.0,3.0,3.0,3.0,3.0,3.0,3.0,1.0,1.0,1.0,3.0,1.0,14.0,15.0,3.0,-1.0,-1.0,-1.0,-1.0,-1.0,-1.0,-1.0,-1.0,-1.0,-1.0,-1.0,-1.0,-1.0,-1.0,-1.0,-1.0,2.0,2.0
197021881,20403,"2024-02-04 11:48:19","ENCUESTADOR 56",1,20,8,813,81301,2,-1,5,2,1,2,2,2,1,2,7,5,1.0,3.0,-1.0,8.0,4.0,4.0,4.0,4.0,4.0,4.0,4.0,4.0,4.0,4.0,4.0,4.0,4.0,4.0,4.0,1.0,2.0,-1.0,3.0,2.0,-1.0,-1.0,-1.0,-1.0,-1.0,-1.0,-1.0,-1.0,-1.0,-1.0,-1.0,-1.0,-1.0,-1.0,-1.0,-1.0,-1.0,-1.0,-1.0,1.0,1.0
197036361,21132,"2024-02-04 20:28:07","ENCUESTADOR 12",2,18,26,1506,150604,1,5,3,3,1,2,2,2,1,1,3,1,2.0,3.0,-1.0,9.0,3.0,3.0,3.0,3.0,3.0,3.0,3.0,3.0,3.0,3.0,3.0,3.0,3.0,3.0,3.0,1.0,2.0,-1.0,3.0,1.0,11.0,6.0,13.0,-1.0,-1.0,-1.0,-1.0,-1.0,-1.0,-1.0,-1.0,-1.0,-1.0,-1.0,-1.0,-1.0,-1.0,-1.0,-1.0,1.0,2.0
197013715,19928,"2024-02-04 12:48:51","ENCUESTADOR 75",1,24,8,813,81301,1,4,7,12,2,2,2,2,1,3,7,6,1.0,3.0,-1.0,8.0,3.0,3.0,2.0,2.0,1.0,2.0,2.0,2.0,2.0,2.0,2.0,2.0,2.0,2.0,2.0,2.0,2.0,-1.0,1.0,1.0,14.0,-1.0,-1.0,-1.0,-1.0,-1.0,-1.0,-1.0,-1.0,-1.0,-1.0,-1.0,-1.0,-1.0,-1.0,-1.0,-1.0,-1.0,-1.0,1.0,1.0
197063385,20050,"2024-02-05 10:48:19","ENCUESTADOR 52",2,40,22,2208,220804,1,5,14,-1,-1,-1,-1,-1,1,1,1,1,6.0,2.0,22.0,4.0,2.0,2.0,2.0,2.0,2.0,2.0,2.0,2.0,2.0,2.0,2.0,2.0,2.0,2.0,2.0,2.0,2.0,-1.0,1.0,1.0,5.0,13.0,14.0,-1.0,-1.0,-1.0,-1.0,-1.0,-1.0,-1.0,-1.0,-1.0,-1.0,-1.0,-1.0,-1.0,-1.0,-1.0,-1.0,1.0,1.0
197068359,21272,"2024-02-05 12:50:54","ENCUESTADOR 63",2,55,5,501,50110,1,3,3,3,1,2,2,1,1,1,1,1,3.0,1.0,4.0,1.0,2.0,2.0,2.0,2.0,2.0,2.0,2.0,2.0,2.0,2.0,2.0,2.0,2.0,2.0,2.0,2.0,1.0,1.0,1.0,2.0,-1.0,14.0,-1.0,-1.0,-1.0,-1.0,-1.0,-1.0,-1.0,-1.0,-1.0,-1.0,-1.0,-1.0,-1.0,-1.0,-1.0,-1.0,-1.0,2.0,1.0
197070022,19976,"2024-02-05 13:31:24","ENCUESTADOR 89",1,55,15,1501,150142,1,4,14,-1,-1,-1,-1,-1,1,1,3,5,1.0,1.0,20.0,1.0,2.0,2.0,2.0,2.0,2.0,2.0,2.0,2.0,2.0,2.0,2.0,2.0,2.0,2.0,2.0,2.0,2.0,-1.0,1.0,1.0,3.0,6.0,15.0,-1.0,-1.0,-1.0,-1.0,-1.0,-1.0,-1.0,-1.0,-1.0,-1.0,-1.0,-1.0,-1.0,-1.0,-1.0,-1.0,2.0,2.0
197029305,19795,"2024-02-04 16:36:51","ENCUESTADOR 26",1,21,15,1501,150111,1,4,14,-1,-1,-1,-1,-1,1,1,7,5,1.0,2.0,32.0,6.0,3.0,3.0,3.0,3.0,3.0,3.0,3.0,3.0,3.0,3.0,3.0,3.0,3.0,3.0,3.0,1.0,2.0,-1.0,2.0,1.0,2.0,-1.0,-1.0,-1.0,-1.0,-1.0,-1.0,-1.0,-1.0,-1.0,-1.0,-1.0,-1.0,-1.0,-1.0,-1.0,-1.0,-1.0,-1.0,3.0,1.0
197032408,20888,"2024-02-04 17:38:44","ENCUESTADOR 79",1,24,15,1501,150103,1,3,14,-1,-1,-1,-1,-1,1,1,3,1,5.0,3.0,-1.0,7.0,4.0,4.0,4.0,4.0,4.0,4.0,4.0,4.0,4.0,4.0,4.0,4.0,4.0,4.0,4.0,1.0,2.0,-1.0,3.0,2.0,-1.0,-1.0,-1.0,-1.0,-1.0,-1.0,-1.0,-1.0,-1.0,-1.0,-1.0,-1.0,-1.0,-1.0,-1.0,-1.0,-1.0,-1.0,-1.0,1.0,1.0
196976390,20678,"2024-02-03 17:22:59","ENCUESTADOR 17",1,50,15,1501,150117,1,2,5,4,1,2,2,2,1,2,7,4,1.0,1.0,14.0,9.0,3.0,3.0,3.0,3.0,3.0,3.0,3.0,3.0,3.0,3.0,3.0,3.0,3.0,3.0,3.0,1.0,2.0,-1.0,3.0,2.0,-1.0,-1.0,-1.0,-1.0,-1.0,-1.0,-1.0,-1.0,-1.0,-1.0,-1.0,-1.0,-1.0,-1.0,-1.0,-1.0,-1.0,-1.0,-1.0,3.0,3.0
197083046,20522,"2024-02-05 17:20:22","ENCUESTADOR 84",1,35,15,1501,150108,1,2,14,-1,-1,-1,-1,-1,1,2,3,3,1.0,2.0,1.0,10.0,5.0,5.0,5.0,5.0,5.0,5.0,5.0,5.0,5.0,5.0,5.0,5.0,5.0,5.0,5.0,1.0,2.0,-1.0,3.0,2.0,-1.0,-1.0,-1.0,-1.0,-1.0,-1.0,-1.0,-1.0,-1.0,-1.0,-1.0,-1.0,-1.0,-1.0,-1.0,-1.0,-1.0,-1.0,-1.0,1.0,1.0
197084442,21028,"2024-02-05 19:52:49","ENCUESTADOR 74",1,28,9,901,90101,1,4,4,3,1,2,2,2,1,1,1,1,5.0,3.0,-1.0,9.0,3.0,3.0,3.0,3.0,3.0,3.0,3.0,3.0,3.0,3.0,3.0,3.0,3.0,3.0,3.0,1.0,2.0,-1.0,2.0,1.0,1.0,3.0,13.0,-1.0,-1.0,-1.0,-1.0,-1.0,-1.0,-1.0,-1.0,-1.0,-1.0,-1.0,-1.0,-1.0,-1.0,-1.0,-1.0,1.0,2.0
197085297,20632,"2024-02-05 20:32:02","ENCUESTADOR 44",1,45,20,2001,200101,1,4,14,-1,-1,-1,-1,-1,1,1,4,1,5.0,2.0,8.0,3.0,2.0,2.0,2.0,2.0,2.0,2.0,2.0,2.0,2.0,2.0,2.0,2.0,2.0,2.0,2.0,2.0,2.0,-1.0,1.0,1.0,5.0,-1.0,6.0,-1.0,-1.0,-1.0,-1.0,-1.0,-1.0,-1.0,-1.0,-1.0,-1.0,-1.0,-1.0,-1.0,-1.0,-1.0,-1.0,2.0,2.0
197088770,20310,"2024-02-05 21:22:37","ENCUESTADOR 79",2,36,15,1501,150114,1,2,14,-1,-1,-1,-1,-1,3,3,7,5,1.0,3.0,-1.0,6.0,3.0,3.0,3.0,3.0,3.0,3.0,3.0,3.0,3.0,3.0,3.0,3.0,3.0,3.0,3.0,1.0,2.0,-1.0,2.0,1.0,5.0,-1.0,11.0,-1.0,-1.0,-1.0,-1.0,-1.0,-1.0,-1.0,-1.0,-1.0,-1.0,-1.0,-1.0,-1.0,-1.0,-1.0,-1.0,2.0,2.0
197089829,20023,"2024-02-03 19:01:07","ENCUESTADOR 79",2,19,15,1501,150103,1,3,14,-1,-1,-1,-1,-1,1,4,-1,-1,7.0,5.0,-1.0,-1.0,6.0,6.0,6.0,6.0,6.0,6.0,6.0,6.0,6.0,6.0,6.0,6.0,6.0,6.0,6.0,3.0,2.0,-1.0,2.0,1.0,1.0,3.0,-1.0,-1.0,-1.0,-1.0,-1.0,-1.0,-1.0,-1.0,-1.0,-1.0,-1.0,-1.0,-1.0,-1.0,-1.0,-1.0,-1.0,2.0,4.0
197114784,21159,"2024-02-06 09:00:23","ENCUESTADOR 41",1,40,6,608,60802,1,5,14,-1,-1,-1,-1,-1,1,2,7,5,1.0,2.0,32.0,10.0,5.0,5.0,5.0,5.0,5.0,5.0,5.0,5.0,5.0,5.0,5.0,5.0,5.0,5.0,5.0,1.0,2.0,-1.0,2.0,1.0,98.0,13.0,-1.0,-1.0,-1.0,-1.0,-1.0,-1.0,-1.0,-1.0,-1.0,-1.0,-1.0,-1.0,-1.0,-1.0,-1.0,-1.0,-1.0,1.0,1.0
196980404,44910,"2024-02-03 10:23:51","ENCUESTADOR 41",2,35,13,1301,130105,1,3,2,6,1,2,2,2,1,2,3,2,3.0,3.0,-1.0,5.0,4.0,3.0,3.0,3.0,4.0,3.0,3.0,3.0,3.0,3.0,3.0,3.0,3.0,3.0,4.0,1.0,1.0,3.0,2.0,1.0,6.0,7.0,-1.0,-1.0,-1.0,-1.0,-1.0,-1.0,-1.0,-1.0,-1.0,-1.0,-1.0,-1.0,-1.0,-1.0,-1.0,-1.0,-1.0,2.0,2.0
196977748,80568,"2024-02-03 18:08:55","ENCUESTADOR 92",1,26,20,2001,200104,1,3,14,-1,-1,-1,-1,-1,1,1,1,1,2.0,2.0,20.0,2.0,3.0,3.0,3.0,2.0,3.0,3.0,2.0,2.0,3.0,2.0,3.0,2.0,2.0,2.0,2.0,2.0,2.0,-1.0,1.0,1.0,5.0,14.0,-1.0,-1.0,-1.0,-1.0,-1.0,-1.0,-1.0,-1.0,-1.0,-1.0,-1.0,-1.0,-1.0,-1.0,-1.0,-1.0,-1.0,1.0,2.0
196997958,95473,"2024-02-04 09:38:28","ENCUESTADOR 29",1,24,13,1312,131201,2,-1,3,12,2,2,2,2,1,4,-1,-1,1.0,5.0,-1.0,-1.0,5.0,4.0,5.0,3.0,5.0,5.0,4.0,5.0,4.0,3.0,3.0,4.0,4.0,5.0,5.0,1.0,2.0,-1.0,3.0,1.0,4.0,10.0,-1.0,-1.0,-1.0,-1.0,-1.0,-1.0,-1.0,-1.0,-1.0,-1.0,-1.0,-1.0,-1.0,-1.0,-1.0,-1.0,-1.0,1.0,1.0
197005110,42412,"2024-02-04 10:57:51","ENCUESTADOR 86",2,52,2,201,20105,1,2,1,1,2,2,2,2,1,1,6,1,1.0,3.0,-1.0,2.0,6.0,3.0,6.0,6.0,2.0,1.0,2.0,6.0,6.0,6.0,6.0,6.0,6.0,6.0,6.0,3.0,1.0,1.0,4.0,2.0,-1.0,-1.0,-1.0,-1.0,-1.0,-1.0,-1.0,-1.0,-1.0,-1.0,-1.0,-1.0,-1.0,-1.0,-1.0,-1.0,-1.0,-1.0,-1.0,2.0,1.0
196969218,84074,"2024-02-03 14:34:17","ENCUESTADOR 10",1,60,15,1501,150117,1,3,11,2,2,2,2,2,1,1,1,1,1.0,1.0,24.0,8.0,3.0,3.0,3.0,3.0,3.0,3.0,3.0,3.0,3.0,3.0,3.0,3.0,3.0,3.0,3.0,1.0,2.0,-1.0,3.0,2.0,-1.0,-1.0,-1.0,-1.0,-1.0,-1.0,-1.0,-1.0,-1.0,-1.0,-1.0,-1.0,-1.0,-1.0,-1.0,-1.0,-1.0,-1.0,-1.0,3.0,1.0
197015539,30373,"2024-02-04 13:15:36","ENCUESTADOR 75",2,24,8,813,81301,1,4,1,5,1,1,2,2,1,1,1,1,6.0,2.0,14.0,8.0,2.0,3.0,3.0,3.0,3.0,3.0,3.0,3.0,3.0,3.0,3.0,3.0,3.0,3.0,3.0,1.0,1.0,1.0,3.0,1.0,6.0,7.0,-1.0,-1.0,-1.0,-1.0,-1.0,-1.0,-1.0,-1.0,-1.0,-1.0,-1.0,-1.0,-1.0,-1.0,-1.0,-1.0,-1.0,1.0,1.0
197022521,90761,"2024-02-04 14:39:13","ENCUESTADOR 75",1,58,8,813,81301,1,4,1,3,1,2,2,1,1,1,1,2,4.0,2.0,32.0,4.0,3.0,3.0,3.0,2.0,3.0,2.0,2.0,2.0,2.0,2.0,3.0,2.0,2.0,2.0,2.0,2.0,1.0,1.0,1.0,2.0,-1.0,-1.0,-1.0,-1.0,-1.0,-1.0,-1.0,-1.0,-1.0,-1.0,-1.0,-1.0,-1.0,-1.0,-1.0,-1.0,-1.0,-1.0,-1.0,3.0,1.0
197034067,23003,"2024-02-04 11:40:21","ENCUESTADOR 31",2,67,15,1501,150135,1,4,14,-1,-1,-1,-1,-1,1,1,1,1,3.0,1.0,12.0,4.0,3.0,3.0,2.0,2.0,2.0,2.0,2.0,2.0,2.0,2.0,2.0,2.0,2.0,2.0,2.0,2.0,2.0,-1.0,1.0,2.0,-1.0,15.0,-1.0,-1.0,-1.0,-1.0,-1.0,-1.0,-1.0,-1.0,-1.0,-1.0,-1.0,-1.0,-1.0,-1.0,-1.0,-1.0,-1.0,2.0,2.0
197029551,40959,"2024-02-03 14:52:05","ENCUESTADOR 47",2,20,11,1101,110101,1,2,4,2,1,2,2,2,1,2,7,3,1.0,2.0,17.0,10.0,5.0,5.0,5.0,5.0,5.0,5.0,5.0,5.0,5.0,5.0,5.0,5.0,5.0,5.0,5.0,1.0,2.0,-1.0,3.0,1.0,8.0,10.0,-1.0,-1.0,-1.0,-1.0,-1.0,-1.0,-1.0,-1.0,-1.0,-1.0,-1.0,-1.0,-1.0,-1.0,-1.0,-1.0,-1.0,1.0,1.0
197079764,75079,"2024-02-05 17:09:19","ENCUESTADOR 33",1,42,21,2101,210101,1,3,14,-1,-1,-1,-1,-1,1,1,3,1,1.0,2.0,11.0,7.0,3.0,3.0,3.0,3.0,3.0,3.0,3.0,3.0,3.0,3.0,3.0,3.0,3.0,3.0,3.0,1.0,2.0,-1.0,2.0,1.0,3.0,-1.0,-1.0,-1.0,-1.0,-1.0,-1.0,-1.0,-1.0,-1.0,-1.0,-1.0,-1.0,-1.0,-1.0,-1.0,-1.0,-1.0,-1.0,3.0,2.0
197034479,27554,"2024-02-04 15:34:22","ENCUESTADOR 85",1,64,15,1501,150133,1,3,3,4,1,2,2,2,1,1,4,2,4.0,3.0,-1.0,9.0,5.0,3.0,3.0,3.0,5.0,4.0,5.0,5.0,3.0,3.0,3.0,3.0,4.0,3.0,4.0,1.0,1.0,1.0,3.0,2.0,-1.0,-1.0,-1.0,-1.0,-1.0,-1.0,-1.0,-1.0,-1.0,-1.0,-1.0,-1.0,-1.0,-1.0,-1.0,-1.0,-1.0,-1.0,-1.0,1.0,2.0
197035072,46680,"2024-02-04 18:47:39","ENCUESTADOR 23",2,24,26,1508,150801,1,3,14,-1,-1,-1,-1,-1,1,2,5,5,1.0,1.0,1.0,10.0,4.0,4.0,4.0,4.0,4.0,4.0,4.0,4.0,4.0,4.0,4.0,4.0,4.0,4.0,4.0,1.0,2.0,-1.0,2.0,1.0,2.0,-1.0,-1.0,-1.0,-1.0,-1.0,-1.0,-1.0,-1.0,-1.0,-1.0,-1.0,-1.0,-1.0,-1.0,-1.0,-1.0,-1.0,-1.0,1.0,2.0
197037231,11443,"2024-02-04 11:41:34","ENCUESTADOR 25",2,22,15,1501,150113,1,2,2,11,1,2,2,2,1,1,6,2,3.0,3.0,-1.0,7.0,5.0,4.0,4.0,5.0,4.0,5.0,5.0,4.0,4.0,4.0,4.0,4.0,4.0,4.0,4.0,1.0,1.0,1.0,3.0,1.0,6.0,10.0,15.0,-1.0,-1.0,-1.0,-1.0,-1.0,-1.0,-1.0,-1.0,-1.0,-1.0,-1.0,-1.0,-1.0,-1.0,-1.0,-1.0,1.0,1.0
197037232,98038,"2024-02-04 14:14:11","ENCUESTADOR 25",2,62,15,1501,150113,1,2,4,6,1,2,1,1,1,1,3,2,4.0,3.0,-1.0,8.0,2.0,2.0,2.0,2.0,2.0,2.0,2.0,2.0,2.0,2.0,2.0,2.0,2.0,2.0,2.0,2.0,1.0,3.0,3.0,1.0,4.0,-1.0,-1.0,-1.0,-1.0,-1.0,-1.0,-1.0,-1.0,-1.0,-1.0,-1.0,-1.0,-1.0,-1.0,-1.0,-1.0,-1.0,-1.0,2.0,1.0
197038217,2217,"2024-02-04 19:01:10","ENCUESTADOR 41",1,35,13,1301,130101,1,2,13,1,1,2,2,2,1,2,1,4,3.0,2.0,14.0,10.0,3.0,3.0,3.0,3.0,3.0,3.0,3.0,3.0,3.0,3.0,3.0,3.0,3.0,3.0,3.0,1.0,2.0,-1.0,3.0,2.0,-1.0,-1.0,-1.0,-1.0,-1.0,-1.0,-1.0,-1.0,-1.0,-1.0,-1.0,-1.0,-1.0,-1.0,-1.0,-1.0,-1.0,-1.0,-1.0,3.0,4.0
197072598,45160,"2024-02-05 14:22:23","ENCUESTADOR 52",2,57,22,2208,220804,1,5,14,-1,-1,-1,-1,-1,1,2,7,5,1.0,2.0,31.0,10.0,5.0,5.0,4.0,4.0,4.0,5.0,5.0,5.0,5.0,5.0,5.0,5.0,5.0,5.0,5.0,1.0,2.0,-1.0,1.0,2.0,-1.0,-1.0,-1.0,-1.0,-1.0,-1.0,-1.0,-1.0,-1.0,-1.0,-1.0,-1.0,-1.0,-1.0,-1.0,-1.0,-1.0,-1.0,-1.0,1.0,1.0
197080286,35481,"2024-02-05 14:26:57","ENCUESTADOR 36",1,18,26,1505,150507,1,4,12,4,1,2,2,2,1,1,1,1,2.0,1.0,11.0,10.0,3.0,3.0,3.0,3.0,3.0,3.0,3.0,3.0,3.0,3.0,3.0,3.0,3.0,3.0,3.0,1.0,2.0,-1.0,1.0,1.0,2.0,6.0,6.0,-1.0,-1.0,-1.0,-1.0,-1.0,-1.0,-1.0,-1.0,-1.0,-1.0,-1.0,-1.0,-1.0,-1.0,-1.0,-1.0,3.0,2.0
197081294,8536,"2024-02-05 17:50:51","ENCUESTADOR 81",2,22,16,1601,160108,1,5,13,12,2,2,2,2,1,1,1,1,5.0,2.0,20.0,5.0,3.0,3.0,2.0,2.0,2.0,1.0,2.0,2.0,2.0,2.0,2.0,2.0,2.0,2.0,2.0,2.0,2.0,-1.0,1.0,1.0,14.0,-1.0,-1.0,-1.0,-1.0,-1.0,-1.0,-1.0,-1.0,-1.0,-1.0,-1.0,-1.0,-1.0,-1.0,-1.0,-1.0,-1.0,-1.0,1.0,2.0
197086633,45145,"2024-02-05 21:15:12","ENCUESTADOR 54",1,27,21,2101,210101,1,2,2,1,1,2,2,2,1,3,7,5,1.0,2.0,1.0,7.0,4.0,4.0,4.0,3.0,4.0,4.0,5.0,4.0,4.0,4.0,4.0,4.0,4.0,4.0,4.0,1.0,2.0,-1.0,2.0,1.0,2.0,10.0,5.0,-1.0,-1.0,-1.0,-1.0,-1.0,-1.0,-1.0,-1.0,-1.0,-1.0,-1.0,-1.0,-1.0,-1.0,-1.0,-1.0,1.0,2.0
197033882,11141,"2024-02-04 18:41:45","ENCUESTADOR 17",1,44,15,1501,150117,1,3,8,12,1,2,2,2,1,1,1,2,5.0,3.0,-1.0,5.0,3.0,3.0,3.0,3.0,3.0,3.0,3.0,3.0,3.0,3.0,3.0,3.0,3.0,3.0,3.0,1.0,2.0,-1.0,3.0,1.0,98.0,-1.0,-1.0,-1.0,-1.0,-1.0,-1.0,-1.0,-1.0,-1.0,-1.0,-1.0,-1.0,-1.0,-1.0,-1.0,-1.0,-1.0,-1.0,1.0,2.0
196958922,46508,"2024-02-03 11:21:04","ENCUESTADOR 91",1,48,7,701,70104,1,3,2,4,1,2,1,1,1,1,3,2,5.0,1.0,14.0,1.0,2.0,2.0,3.0,3.0,3.0,2.0,3.0,3.0,3.0,2.0,3.0,3.0,2.0,3.0,2.0,1.0,1.0,1.0,2.0,1.0,6.0,8.0,13.0,8.0,-1.0,-1.0,-1.0,-1.0,-1.0,-1.0,-1.0,-1.0,-1.0,-1.0,-1.0,-1.0,-1.0,-1.0,-1.0,1.0,1.0
196959004,73130,"2024-02-03 11:26:12","ENCUESTADOR 76",1,43,8,804,80401,2,-1,6,2,1,2,2,2,1,1,1,1,1.0,1.0,17.0,0.0,3.0,3.0,3.0,3.0,3.0,3.0,3.0,3.0,3.0,3.0,2.0,3.0,3.0,3.0,3.0,1.0,2.0,-1.0,2.0,1.0,12.0,-1.0,-1.0,-1.0,-1.0,-1.0,-1.0,-1.0,-1.0,-1.0,-1.0,-1.0,-1.0,-1.0,-1.0,-1.0,-1.0,-1.0,-1.0,3.0,4.0
196958932,70397,"2024-02-03 11:24:40","ENCUESTADOR 73",1,40,15,1501,150110,1,3,14,-1,-1,-1,-1,-1,1,2,7,4,2.0,3.0,-1.0,10.0,4.0,4.0,4.0,4.0,4.0,4.0,4.0,4.0,4.0,4.0,4.0,4.0,4.0,4.0,4.0,1.0,2.0,-1.0,1.0,1.0,2.0,-1.0,-1.0,-1.0,-1.0,-1.0,-1.0,-1.0,-1.0,-1.0,-1.0,-1.0,-1.0,-1.0,-1.0,-1.0,-1.0,-1.0,-1.0,1.0,2.0
196958693,13956,"2024-02-03 11:16:58","ENCUESTADOR 85",1,23,15,1501,150143,1,3,2,2,1,2,2,2,1,2,2,5,5.0,2.0,11.0,10.0,4.0,4.0,4.0,4.0,4.0,4.0,5.0,4.0,4.0,3.0,4.0,4.0,4.0,4.0,4.0,1.0,2.0,-1.0,2.0,1.0,2.0,-1.0,-1.0,-1.0,-1.0,-1.0,-1.0,-1.0,-1.0,-1.0,-1.0,-1.0,-1.0,-1.0,-1.0,-1.0,-1.0,-1.0,-1.0,1.0,2.0
196958897,31663,"2024-02-03 10:58:39","ENCUESTADOR 21",2,23,15,1501,150125,1,5,7,1,1,2,2,2,1,1,1,1,2.0,2.0,12.0,10.0,4.0,5.0,4.0,3.0,3.0,3.0,4.0,3.0,3.0,4.0,3.0,3.0,5.0,4.0,4.0,1.0,2.0,-1.0,3.0,2.0,-1.0,-1.0,-1.0,-1.0,-1.0,-1.0,-1.0,-1.0,-1.0,-1.0,-1.0,-1.0,-1.0,-1.0,-1.0,-1.0,-1.0,-1.0,-1.0,1.0,2.0
196959080,65972,"2024-02-03 11:04:04","ENCUESTADOR 27",1,31,3,301,30101,2,-1,14,-1,-1,-1,-1,-1,1,1,7,2,6.0,2.0,7.0,7.0,3.0,3.0,2.0,3.0,3.0,3.0,3.0,3.0,3.0,3.0,3.0,3.0,3.0,2.0,3.0,1.0,2.0,-1.0,4.0,2.0,-1.0,-1.0,-1.0,-1.0,-1.0,-1.0,-1.0,-1.0,-1.0,-1.0,-1.0,-1.0,-1.0,-1.0,-1.0,-1.0,-1.0,-1.0,-1.0,1.0,2.0
196958803,31399,"2024-02-03 11:08:03","ENCUESTADOR 12",2,29,15,1501,150104,1,4,14,-1,-1,-1,-1,-1,1,1,1,1,3.0,3.0,-1.0,5.0,3.0,3.0,3.0,3.0,3.0,3.0,3.0,3.0,3.0,3.0,3.0,3.0,3.0,3.0,3.0,1.0,2.0,-1.0,3.0,2.0,-1.0,-1.0,-1.0,-1.0,-1.0,-1.0,-1.0,-1.0,-1.0,-1.0,-1.0,-1.0,-1.0,-1.0,-1.0,-1.0,-1.0,-1.0,-1.0,3.0,4.0
196959079,37034,"2024-02-03 10:11:23","ENCUESTADOR 27",2,31,3,301,30101,2,-1,2,5,1,2,2,2,1,1,2,1,2.0,3.0,-1.0,10.0,4.0,4.0,4.0,4.0,4.0,4.0,4.0,4.0,5.0,4.0,4.0,4.0,4.0,4.0,4.0,1.0,1.0,1.0,2.0,1.0,6.0,-1.0,-1.0,-1.0,-1.0,-1.0,-1.0,-1.0,-1.0,-1.0,-1.0,-1.0,-1.0,-1.0,-1.0,-1.0,-1.0,-1.0,-1.0,1.0,2.0
196959833,2370,"2024-02-03 11:31:54","ENCUESTADOR 42",1,18,14,1401,140105,1,4,2,11,1,2,2,2,1,3,2,5,1.0,3.0,-1.0,8.0,3.0,3.0,3.0,3.0,3.0,4.0,4.0,4.0,4.0,3.0,2.0,3.0,4.0,3.0,4.0,1.0,2.0,-1.0,2.0,1.0,6.0,-1.0,-1.0,-1.0,-1.0,-1.0,-1.0,-1.0,-1.0,-1.0,-1.0,-1.0,-1.0,-1.0,-1.0,-1.0,-1.0,-1.0,-1.0,1.0,2.0
196959081,59968,"2024-02-03 11:30:51","ENCUESTADOR 27",1,24,3,301,30101,2,-1,14,-1,-1,-1,-1,-1,1,1,7,5,2.0,2.0,17.0,7.0,3.0,3.0,3.0,3.0,3.0,4.0,3.0,3.0,3.0,3.0,4.0,4.0,3.0,3.0,4.0,1.0,2.0,-1.0,3.0,1.0,15.0,-1.0,-1.0,-1.0,-1.0,-1.0,-1.0,-1.0,-1.0,-1.0,-1.0,-1.0,-1.0,-1.0,-1.0,-1.0,-1.0,-1.0,-1.0,3.0,1.0
196959325,556,"2024-02-03 11:42:12","ENCUESTADOR 11",2,18,4,401,40122,1,4,14,-1,-1,-1,-1,-1,1,1,6,2,4.0,3.0,-1.0,5.0,2.0,3.0,2.0,2.0,1.0,3.0,2.0,2.0,2.0,2.0,2.0,2.0,1.0,2.0,2.0,2.0,2.0,-1.0,2.0,1.0,11.0,13.0,15.0,-1.0,-1.0,-1.0,-1.0,-1.0,-1.0,-1.0,-1.0,-1.0,-1.0,-1.0,-1.0,-1.0,-1.0,-1.0,-1.0,2.0,2.0
196959348,44015,"2024-02-03 11:41:36","ENCUESTADOR 58",1,24,4,401,40122,1,4,7,1,2,2,2,2,1,1,4,1,2.0,2.0,1.0,10.0,4.0,4.0,4.0,5.0,4.0,4.0,4.0,4.0,4.0,4.0,4.0,4.0,4.0,4.0,4.0,1.0,2.0,-1.0,3.0,2.0,-1.0,-1.0,-1.0,-1.0,-1.0,-1.0,-1.0,-1.0,-1.0,-1.0,-1.0,-1.0,-1.0,-1.0,-1.0,-1.0,-1.0,-1.0,-1.0,1.0,2.0
196959674,98419,"2024-02-03 10:07:04","ENCUESTADOR 78",1,43,10,1006,100601,2,-1,7,1,1,2,2,2,4,1,6,5,2.0,2.0,3.0,8.0,3.0,3.0,3.0,3.0,3.0,3.0,3.0,3.0,3.0,3.0,3.0,2.0,3.0,3.0,3.0,2.0,2.0,-1.0,2.0,1.0,15.0,-1.0,-1.0,-1.0,-1.0,-1.0,-1.0,-1.0,-1.0,-1.0,-1.0,-1.0,-1.0,-1.0,-1.0,-1.0,-1.0,-1.0,-1.0,3.0,1.0
196959762,76734,"2024-02-03 11:24:29","ENCUESTADOR 67",1,61,4,401,40112,1,2,13,2,1,2,2,2,1,1,1,2,4.0,1.0,26.0,5.0,4.0,3.0,3.0,3.0,3.0,3.0,3.0,3.0,3.0,3.0,3.0,3.0,3.0,4.0,3.0,1.0,2.0,-1.0,3.0,2.0,-1.0,15.0,-1.0,-1.0,-1.0,-1.0,-1.0,-1.0,-1.0,-1.0,-1.0,-1.0,-1.0,-1.0,-1.0,-1.0,-1.0,-1.0,-1.0,1.0,1.0
196948089,28909,"2024-02-03 07:17:14","ENCUESTADOR 76",1,25,8,804,80401,2,-1,2,1,2,2,2,2,1,1,6,1,1.0,1.0,12.0,4.0,3.0,3.0,3.0,3.0,3.0,3.0,3.0,3.0,3.0,3.0,3.0,3.0,3.0,3.0,3.0,1.0,2.0,-1.0,3.0,2.0,-1.0,-1.0,-1.0,-1.0,-1.0,-1.0,-1.0,-1.0,-1.0,-1.0,-1.0,-1.0,-1.0,-1.0,-1.0,-1.0,-1.0,-1.0,-1.0,3.0,2.0
196958734,59697,"2024-02-03 11:24:11","ENCUESTADOR 20",1,50,15,1501,150101,1,3,2,10,1,2,2,2,1,1,6,1,1.0,3.0,-1.0,10.0,4.0,5.0,5.0,4.0,5.0,5.0,5.0,5.0,5.0,4.0,5.0,5.0,4.0,5.0,5.0,1.0,1.0,1.0,3.0,2.0,-1.0,-1.0,-1.0,-1.0,-1.0,-1.0,-1.0,-1.0,-1.0,-1.0,-1.0,-1.0,-1.0,-1.0,-1.0,-1.0,-1.0,-1.0,-1.0,1.0,2.0
196929444,56280,"2024-02-02 16:41:29","ENCUESTADOR 67",1,38,4,401,40101,1,3,7,2,2,2,2,2,1,1,1,2,1.0,2.0,12.0,8.0,3.0,4.0,4.0,4.0,3.0,4.0,3.0,4.0,3.0,3.0,4.0,3.0,3.0,3.0,4.0,1.0,2.0,-1.0,4.0,1.0,5.0,5.0,8.0,8.0,-1.0,-1.0,-1.0,-1.0,-1.0,-1.0,-1.0,-1.0,-1.0,-1.0,-1.0,-1.0,-1.0,-1.0,-1.0,1.0,1.0
196958567,59787,"2024-02-03 10:49:19","ENCUESTADOR 84",1,53,15,1501,150142,1,3,1,10,1,2,2,2,1,2,6,5,1.0,2.0,8.0,10.0,5.0,5.0,5.0,5.0,5.0,5.0,5.0,5.0,5.0,4.0,4.0,4.0,5.0,5.0,5.0,1.0,1.0,1.0,3.0,1.0,13.0,-1.0,-1.0,-1.0,-1.0,-1.0,-1.0,-1.0,-1.0,-1.0,-1.0,-1.0,-1.0,-1.0,-1.0,-1.0,-1.0,-1.0,-1.0,1.0,2.0
196954846,96124,"2024-02-03 09:53:16","ENCUESTADOR 42",1,52,14,1401,140105,1,4,14,-1,-1,-1,-1,-1,1,3,3,5,1.0,3.0,-1.0,4.0,3.0,3.0,3.0,3.0,3.0,3.0,3.0,3.0,3.0,3.0,2.0,2.0,2.0,3.0,3.0,1.0,2.0,-1.0,2.0,1.0,6.0,-1.0,-1.0,-1.0,-1.0,-1.0,-1.0,-1.0,-1.0,-1.0,-1.0,-1.0,-1.0,-1.0,-1.0,-1.0,-1.0,-1.0,-1.0,3.0,4.0
196952331,85331,"2024-02-03 08:57:44","ENCUESTADOR 24",2,35,6,601,60101,1,2,1,7,1,2,2,2,1,1,5,1,4.0,1.0,12.0,10.0,4.0,4.0,4.0,4.0,4.0,4.0,5.0,4.0,4.0,4.0,4.0,4.0,4.0,4.0,5.0,1.0,1.0,1.0,3.0,1.0,14.0,10.0,14.0,-1.0,-1.0,-1.0,-1.0,-1.0,-1.0,-1.0,-1.0,-1.0,-1.0,-1.0,-1.0,-1.0,-1.0,-1.0,-1.0,1.0,1.0
196952463,71172,"2024-02-03 09:11:53","ENCUESTADOR 30",2,40,15,1501,150101,1,3,4,11,1,2,2,1,1,1,1,2,1.0,2.0,8.0,10.0,3.0,3.0,3.0,3.0,3.0,3.0,3.0,3.0,4.0,3.0,3.0,3.0,3.0,3.0,3.0,1.0,1.0,2.0,3.0,2.0,-1.0,-1.0,-1.0,-1.0,-1.0,-1.0,-1.0,-1.0,-1.0,-1.0,-1.0,-1.0,-1.0,-1.0,-1.0,-1.0,-1.0,-1.0,-1.0,1.0,1.0
196952487,16957,"2024-02-03 09:08:19","ENCUESTADOR 20",2,59,15,1501,150101,1,3,2,11,1,2,2,2,1,1,6,1,4.0,1.0,12.0,9.0,3.0,3.0,4.0,4.0,4.0,3.0,3.0,3.0,4.0,4.0,3.0,3.0,3.0,4.0,3.0,1.0,1.0,1.0,3.0,2.0,-1.0,-1.0,-1.0,-1.0,-1.0,-1.0,-1.0,-1.0,-1.0,-1.0,-1.0,-1.0,-1.0,-1.0,-1.0,-1.0,-1.0,-1.0,-1.0,1.0,1.0
196953477,87071,"2024-02-03 09:23:16","ENCUESTADOR 85",2,29,15,1501,150143,1,3,14,-1,-1,-1,-1,-1,1,2,6,1,3.0,1.0,5.0,10.0,4.0,4.0,4.0,3.0,4.0,3.0,3.0,3.0,3.0,3.0,3.0,3.0,3.0,4.0,5.0,1.0,2.0,-1.0,3.0,1.0,5.0,-1.0,13.0,-1.0,-1.0,-1.0,-1.0,-1.0,-1.0,-1.0,-1.0,-1.0,-1.0,-1.0,-1.0,-1.0,-1.0,-1.0,-1.0,1.0,2.0
196953705,25753,"2024-02-03 09:26:35","ENCUESTADOR 84",2,24,15,1501,150142,1,3,14,-1,-1,-1,-1,-1,1,1,3,1,2.0,2.0,12.0,10.0,3.0,3.0,3.0,3.0,3.0,3.0,3.0,3.0,3.0,3.0,3.0,3.0,3.0,3.0,3.0,1.0,2.0,-1.0,2.0,1.0,1.0,2.0,6.0,5.0,-1.0,8.0,9.0,15.0,13.0,-1.0,-1.0,-1.0,-1.0,-1.0,-1.0,-1.0,-1.0,-1.0,-1.0,1.0,2.0
196953978,49351,"2024-02-03 09:36:33","ENCUESTADOR 76",1,53,8,804,80401,2,-1,2,3,1,2,2,2,1,1,3,5,1.0,2.0,13.0,8.0,3.0,3.0,3.0,3.0,3.0,3.0,3.0,3.0,3.0,3.0,3.0,4.0,3.0,3.0,3.0,1.0,1.0,1.0,3.0,2.0,-1.0,-1.0,-1.0,-1.0,-1.0,-1.0,-1.0,-1.0,-1.0,-1.0,-1.0,-1.0,-1.0,-1.0,-1.0,-1.0,-1.0,-1.0,-1.0,1.0,1.0
196954114,95339,"2024-02-03 09:39:44","ENCUESTADOR 24",1,47,6,601,60101,1,2,3,2,2,1,1,1,2,3,6,5,1.0,1.0,8.0,10.0,5.0,5.0,5.0,5.0,5.0,5.0,5.0,5.0,5.0,5.0,5.0,5.0,5.0,5.0,5.0,1.0,1.0,3.0,3.0,1.0,8.0,-1.0,-1.0,-1.0,-1.0,-1.0,-1.0,-1.0,-1.0,-1.0,-1.0,-1.0,-1.0,-1.0,-1.0,-1.0,-1.0,-1.0,-1.0,1.0,1.0
196958515,87187,"2024-02-03 11:04:36","ENCUESTADOR 72",2,18,21,2104,210401,2,-1,14,-1,-1,-1,-1,-1,1,1,1,1,1.0,3.0,-1.0,8.0,3.0,3.0,3.0,3.0,3.0,3.0,3.0,3.0,3.0,3.0,3.0,3.0,3.0,3.0,4.0,1.0,2.0,-1.0,4.0,1.0,5.0,5.0,-1.0,-1.0,-1.0,-1.0,-1.0,-1.0,-1.0,-1.0,-1.0,-1.0,-1.0,-1.0,-1.0,-1.0,-1.0,-1.0,-1.0,1.0,2.0
196954145,10436,"2024-02-03 09:00:18","ENCUESTADOR 67",1,54,4,401,40112,1,3,7,3,1,2,2,2,1,1,4,1,1.0,3.0,-1.0,6.0,3.0,3.0,3.0,3.0,3.0,3.0,3.0,3.0,3.0,2.0,3.0,3.0,3.0,3.0,3.0,1.0,2.0,-1.0,3.0,2.0,-1.0,-1.0,-1.0,-1.0,-1.0,-1.0,-1.0,-1.0,-1.0,-1.0,-1.0,-1.0,-1.0,-1.0,-1.0,-1.0,-1.0,-1.0,-1.0,2.0,2.0
196954173,41322,"2024-02-03 08:59:56","ENCUESTADOR 21",1,70,15,1501,150125,1,5,3,1,2,2,2,2,1,2,5,5,1.0,3.0,-1.0,10.0,4.0,5.0,4.0,5.0,4.0,4.0,5.0,3.0,3.0,3.0,3.0,5.0,4.0,4.0,4.0,1.0,1.0,1.0,2.0,2.0,-1.0,-1.0,-1.0,-1.0,-1.0,-1.0,-1.0,-1.0,-1.0,-1.0,-1.0,-1.0,-1.0,-1.0,-1.0,-1.0,-1.0,-1.0,-1.0,1.0,1.0
196954486,40661,"2024-02-03 09:49:47","ENCUESTADOR 85",2,24,15,1501,150143,1,3,2,11,1,2,2,2,1,1,3,1,4.0,3.0,-1.0,8.0,3.0,3.0,3.0,3.0,3.0,3.0,3.0,3.0,3.0,3.0,3.0,3.0,3.0,3.0,3.0,1.0,1.0,1.0,2.0,1.0,1.0,3.0,-1.0,-1.0,-1.0,-1.0,-1.0,-1.0,-1.0,-1.0,-1.0,-1.0,-1.0,-1.0,-1.0,-1.0,-1.0,-1.0,-1.0,1.0,2.0
196954654,46605,"2024-02-03 09:52:02","ENCUESTADOR 20",2,32,15,1501,150101,1,3,13,1,2,2,2,2,1,1,1,2,6.0,2.0,12.0,10.0,4.0,5.0,5.0,5.0,4.0,4.0,5.0,5.0,5.0,5.0,5.0,5.0,5.0,5.0,5.0,1.0,2.0,-1.0,3.0,1.0,8.0,-1.0,-1.0,-1.0,-1.0,-1.0,-1.0,-1.0,-1.0,-1.0,-1.0,-1.0,-1.0,-1.0,-1.0,-1.0,-1.0,-1.0,-1.0,1.0,1.0
196954702,43746,"2024-02-03 09:44:28","ENCUESTADOR 77",2,43,10,1001,100102,1,5,3,5,1,2,2,2,1,1,1,2,2.0,1.0,8.0,10.0,5.0,5.0,4.0,3.0,3.0,5.0,3.0,3.0,3.0,3.0,5.0,3.0,3.0,3.0,3.0,1.0,1.0,2.0,2.0,1.0,5.0,4.0,-1.0,-1.0,-1.0,-1.0,-1.0,-1.0,-1.0,-1.0,-1.0,-1.0,-1.0,-1.0,-1.0,-1.0,-1.0,-1.0,-1.0,1.0,2.0
196955139,42277,"2024-02-03 09:02:41","ENCUESTADOR 56",2,28,8,801,80101,1,2,1,4,1,2,2,2,1,2,7,3,1.0,2.0,98.0,10.0,5.0,5.0,5.0,5.0,5.0,5.0,4.0,5.0,5.0,5.0,5.0,5.0,5.0,5.0,5.0,1.0,1.0,1.0,3.0,1.0,8.0,10.0,-1.0,-1.0,-1.0,-1.0,-1.0,-1.0,-1.0,-1.0,-1.0,-1.0,-1.0,-1.0,-1.0,-1.0,-1.0,-1.0,-1.0,1.0,1.0
196952069,95586,"2024-02-03 09:09:28","ENCUESTADOR 76",2,29,8,804,80401,2,-1,2,1,1,2,2,2,1,1,1,1,1.0,3.0,-1.0,10.0,4.0,4.0,4.0,4.0,4.0,4.0,3.0,4.0,4.0,4.0,4.0,4.0,4.0,4.0,5.0,1.0,2.0,-1.0,3.0,1.0,5.0,5.0,-1.0,-1.0,-1.0,-1.0,-1.0,-1.0,-1.0,-1.0,-1.0,-1.0,-1.0,-1.0,-1.0,-1.0,-1.0,-1.0,-1.0,1.0,2.0
196955140,40093,"2024-02-03 10:10:05","ENCUESTADOR 56",1,28,8,801,80101,1,2,14,-1,-1,-1,-1,-1,1,2,7,5,1.0,3.0,-1.0,7.0,5.0,5.0,3.0,5.0,5.0,4.0,5.0,5.0,5.0,3.0,4.0,5.0,3.0,3.0,4.0,1.0,2.0,-1.0,2.0,1.0,6.0,13.0,-1.0,-1.0,-1.0,-1.0,-1.0,-1.0,-1.0,-1.0,-1.0,-1.0,-1.0,-1.0,-1.0,-1.0,-1.0,-1.0,-1.0,1.0,2.0
196955264,18503,"2024-02-03 09:31:29","ENCUESTADOR 4",2,34,10,1006,100605,2,-1,2,11,1,2,2,2,1,1,1,2,3.0,2.0,20.0,5.0,3.0,3.0,2.0,3.0,3.0,3.0,3.0,3.0,3.0,3.0,2.0,3.0,3.0,3.0,3.0,1.0,1.0,3.0,3.0,1.0,1.0,6.0,3.0,-1.0,-1.0,-1.0,-1.0,-1.0,-1.0,-1.0,-1.0,-1.0,-1.0,-1.0,-1.0,-1.0,-1.0,-1.0,-1.0,1.0,2.0
196955644,8604,"2024-02-03 10:16:11","ENCUESTADOR 67",1,24,4,401,40112,1,2,3,7,1,2,2,2,1,1,1,1,2.0,3.0,-1.0,9.0,3.0,3.0,3.0,3.0,3.0,3.0,3.0,3.0,3.0,3.0,3.0,3.0,3.0,3.0,3.0,1.0,2.0,-1.0,2.0,1.0,4.0,-1.0,-1.0,-1.0,-1.0,-1.0,-1.0,-1.0,-1.0,-1.0,-1.0,-1.0,-1.0,-1.0,-1.0,-1.0,-1.0,-1.0,-1.0,1.0,2.0
196955809,98511,"2024-02-03 10:14:32","ENCUESTADOR 73",2,49,15,1501,150110,1,3,14,-1,-1,-1,-1,-1,1,1,7,5,1.0,2.0,8.0,6.0,2.0,2.0,2.0,2.0,2.0,2.0,2.0,2.0,2.0,2.0,2.0,2.0,2.0,2.0,2.0,2.0,2.0,-1.0,1.0,1.0,7.0,-1.0,-1.0,-1.0,-1.0,-1.0,-1.0,-1.0,-1.0,-1.0,-1.0,-1.0,-1.0,-1.0,-1.0,-1.0,-1.0,-1.0,-1.0,1.0,2.0
196956084,60581,"2024-02-03 10:22:43","ENCUESTADOR 84",2,56,15,1501,150142,1,3,1,3,1,1,2,2,1,2,3,5,1.0,3.0,-1.0,5.0,3.0,3.0,3.0,3.0,3.0,3.0,3.0,3.0,3.0,3.0,3.0,6.0,3.0,3.0,4.0,1.0,1.0,4.0,3.0,2.0,-1.0,-1.0,-1.0,-1.0,-1.0,-1.0,-1.0,-1.0,-1.0,-1.0,-1.0,-1.0,-1.0,-1.0,-1.0,-1.0,-1.0,-1.0,-1.0,1.0,1.0
196956112,36633,"2024-02-03 10:28:11","ENCUESTADOR 77",1,22,10,1001,100102,1,5,2,3,1,2,2,1,1,1,7,1,1.0,2.0,12.0,8.0,3.0,3.0,3.0,3.0,3.0,4.0,3.0,3.0,4.0,3.0,3.0,3.0,3.0,3.0,3.0,1.0,2.0,-1.0,2.0,1.0,6.0,7.0,-1.0,-1.0,-1.0,-1.0,-1.0,-1.0,-1.0,-1.0,-1.0,-1.0,-1.0,-1.0,-1.0,-1.0,-1.0,-1.0,-1.0,3.0,1.0
196956560,84645,"2024-02-03 10:20:08","ENCUESTADOR 42",2,45,14,1401,140105,1,4,7,3,1,2,2,2,1,3,5,5,1.0,1.0,12.0,6.0,3.0,3.0,3.0,3.0,3.0,3.0,2.0,2.0,3.0,3.0,2.0,2.0,3.0,3.0,3.0,1.0,2.0,-1.0,3.0,2.0,-1.0,-1.0,-1.0,-1.0,-1.0,-1.0,-1.0,-1.0,-1.0,-1.0,-1.0,-1.0,-1.0,-1.0,-1.0,-1.0,-1.0,-1.0,-1.0,3.0,1.0
196956207,3037,"2024-02-03 10:21:48","ENCUESTADOR 76",1,70,8,804,80401,2,-1,14,-1,-1,-1,-1,-1,1,1,1,1,1.0,2.0,11.0,98.0,3.0,3.0,3.0,3.0,3.0,3.0,3.0,3.0,3.0,3.0,3.0,3.0,3.0,3.0,3.0,1.0,2.0,-1.0,3.0,2.0,-1.0,-1.0,-1.0,-1.0,-1.0,-1.0,-1.0,-1.0,-1.0,-1.0,-1.0,-1.0,-1.0,-1.0,-1.0,-1.0,-1.0,-1.0,-1.0,3.0,4.0
196956422,89575,"2024-02-03 10:39:57","ENCUESTADOR 56",2,60,8,801,80101,1,2,14,-1,-1,-1,-1,-1,1,1,7,2,5.0,3.0,-1.0,10.0,3.0,3.0,3.0,3.0,3.0,3.0,3.0,3.0,3.0,3.0,3.0,3.0,3.0,3.0,3.0,1.0,2.0,-1.0,1.0,2.0,-1.0,-1.0,-1.0,-1.0,-1.0,-1.0,-1.0,-1.0,-1.0,-1.0,-1.0,-1.0,-1.0,-1.0,-1.0,-1.0,-1.0,-1.0,-1.0,2.0,3.0
196956474,87793,"2024-02-03 10:32:11","ENCUESTADOR 85",2,45,15,1501,150143,1,3,7,1,1,2,2,2,1,2,3,5,1.0,2.0,1.0,10.0,3.0,4.0,3.0,3.0,4.0,4.0,3.0,4.0,3.0,4.0,4.0,6.0,3.0,3.0,4.0,1.0,2.0,-1.0,3.0,2.0,-1.0,-1.0,13.0,-1.0,-1.0,-1.0,-1.0,-1.0,-1.0,-1.0,-1.0,-1.0,-1.0,-1.0,-1.0,-1.0,-1.0,-1.0,-1.0,1.0,4.0
196956540,836,"2024-02-03 10:05:11","ENCUESTADOR 4",2,45,10,1006,100605,2,-1,11,1,1,2,2,2,1,1,6,1,1.0,3.0,-1.0,10.0,3.0,4.0,3.0,3.0,3.0,3.0,5.0,4.0,3.0,3.0,3.0,4.0,3.0,3.0,4.0,1.0,2.0,-1.0,3.0,2.0,-1.0,-1.0,-1.0,-1.0,-1.0,-1.0,-1.0,-1.0,-1.0,-1.0,-1.0,-1.0,-1.0,-1.0,-1.0,-1.0,-1.0,-1.0,-1.0,2.0,1.0
196956541,86845,"2024-02-03 10:36:14","ENCUESTADOR 4",2,38,10,1006,100605,2,-1,2,1,1,2,2,2,1,3,5,5,5.0,3.0,-1.0,10.0,3.0,3.0,3.0,3.0,3.0,3.0,3.0,3.0,3.0,3.0,3.0,3.0,3.0,3.0,4.0,1.0,2.0,-1.0,3.0,1.0,6.0,13.0,-1.0,-1.0,-1.0,-1.0,-1.0,-1.0,-1.0,-1.0,-1.0,-1.0,-1.0,-1.0,-1.0,-1.0,-1.0,-1.0,-1.0,1.0,2.0
196956542,49448,"2024-02-03 10:35:19","ENCUESTADOR 72",1,31,21,2104,210401,2,-1,14,-1,-1,-1,-1,-1,1,1,1,1,2.0,2.0,1.0,10.0,3.0,3.0,3.0,3.0,3.0,3.0,3.0,3.0,3.0,3.0,3.0,3.0,3.0,3.0,3.0,3.0,2.0,-1.0,4.0,2.0,-1.0,-1.0,-1.0,-1.0,-1.0,-1.0,-1.0,-1.0,-1.0,-1.0,-1.0,-1.0,-1.0,-1.0,-1.0,-1.0,-1.0,-1.0,-1.0,3.0,4.0
196952275,5425,"2024-02-03 09:10:23","ENCUESTADOR 92",2,18,20,2001,200104,1,3,14,-1,-1,-1,-1,-1,1,1,1,1,1.0,2.0,1.0,8.0,3.0,3.0,3.0,3.0,3.0,3.0,3.0,3.0,3.0,3.0,3.0,3.0,3.0,3.0,3.0,1.0,2.0,-1.0,1.0,1.0,5.0,6.0,13.0,-1.0,-1.0,-1.0,-1.0,-1.0,-1.0,-1.0,-1.0,-1.0,-1.0,-1.0,-1.0,-1.0,-1.0,-1.0,-1.0,1.0,1.0
196953627,94630,"2024-02-03 09:29:08","ENCUESTADOR 42",2,41,14,1401,140105,1,4,2,4,1,2,2,2,1,1,3,2,4.0,3.0,-1.0,9.0,3.0,3.0,3.0,3.0,3.0,3.0,3.0,3.0,3.0,3.0,3.0,3.0,3.0,3.0,3.0,1.0,1.0,1.0,3.0,1.0,5.0,-1.0,-1.0,-1.0,-1.0,-1.0,-1.0,-1.0,-1.0,-1.0,-1.0,-1.0,-1.0,-1.0,-1.0,-1.0,-1.0,-1.0,-1.0,1.0,1.0
196948797,97178,"2024-02-03 07:44:38","ENCUESTADOR 76",2,20,8,804,80401,2,-1,2,5,1,2,2,2,1,1,1,1,1.0,3.0,-1.0,7.0,3.0,3.0,3.0,2.0,3.0,3.0,2.0,3.0,3.0,3.0,3.0,2.0,3.0,3.0,3.0,1.0,2.0,-1.0,3.0,1.0,4.0,10.0,6.0,-1.0,-1.0,-1.0,-1.0,-1.0,-1.0,-1.0,-1.0,-1.0,-1.0,-1.0,-1.0,-1.0,-1.0,-1.0,-1.0,2.0,4.0
196950161,35777,"2024-02-03 08:08:11","ENCUESTADOR 42",1,27,14,1401,140105,1,4,1,1,1,2,2,2,1,2,4,5,1.0,3.0,-1.0,10.0,3.0,3.0,3.0,3.0,3.0,3.0,3.0,3.0,3.0,3.0,3.0,3.0,2.0,3.0,3.0,1.0,2.0,-1.0,2.0,1.0,6.0,-1.0,7.0,-1.0,-1.0,-1.0,-1.0,-1.0,-1.0,-1.0,-1.0,-1.0,-1.0,-1.0,-1.0,-1.0,-1.0,-1.0,-1.0,1.0,2.0
196950973,44416,"2024-02-03 08:29:27","ENCUESTADOR 77",1,59,10,1001,100102,1,5,13,1,1,2,2,2,1,2,7,5,1.0,2.0,7.0,5.0,4.0,5.0,3.0,5.0,4.0,3.0,3.0,3.0,3.0,4.0,4.0,3.0,3.0,3.0,5.0,1.0,2.0,-1.0,3.0,2.0,-1.0,15.0,-1.0,-1.0,-1.0,-1.0,-1.0,-1.0,-1.0,-1.0,-1.0,-1.0,-1.0,-1.0,-1.0,-1.0,-1.0,-1.0,-1.0,1.0,1.0
196957103,89768,"2024-02-03 10:50:00","ENCUESTADOR 77",2,19,10,1001,100102,1,5,2,5,1,2,2,2,1,1,7,1,2.0,3.0,-1.0,9.0,3.0,3.0,4.0,4.0,4.0,3.0,4.0,4.0,3.0,3.0,3.0,4.0,3.0,3.0,4.0,1.0,2.0,-1.0,3.0,1.0,3.0,7.0,6.0,-1.0,-1.0,-1.0,-1.0,-1.0,-1.0,-1.0,-1.0,-1.0,-1.0,-1.0,-1.0,-1.0,-1.0,-1.0,-1.0,2.0,2.0
196950491,47843,"2024-02-03 08:05:03","ENCUESTADOR 76",2,38,8,804,80401,2,-1,1,12,2,2,2,2,1,1,1,1,1.0,1.0,11.0,4.0,3.0,3.0,3.0,3.0,2.0,3.0,3.0,3.0,3.0,3.0,3.0,3.0,3.0,3.0,4.0,1.0,2.0,-1.0,3.0,1.0,3.0,-1.0,-1.0,-1.0,-1.0,-1.0,-1.0,-1.0,-1.0,-1.0,-1.0,-1.0,-1.0,-1.0,-1.0,-1.0,-1.0,-1.0,-1.0,3.0,3.0
196956846,2277,"2024-02-03 10:26:42","ENCUESTADOR 80",2,30,4,401,40102,1,5,2,3,1,2,2,2,1,1,3,2,2.0,1.0,12.0,10.0,3.0,3.0,3.0,5.0,3.0,3.0,3.0,5.0,5.0,3.0,3.0,3.0,3.0,3.0,3.0,1.0,1.0,1.0,2.0,1.0,2.0,8.0,13.0,-1.0,-1.0,-1.0,-1.0,-1.0,-1.0,-1.0,-1.0,-1.0,-1.0,-1.0,-1.0,-1.0,-1.0,-1.0,-1.0,1.0,2.0
196956609,49871,"2024-02-03 10:27:05","ENCUESTADOR 12",1,28,15,1501,150104,1,4,3,6,1,2,2,1,1,2,2,5,1.0,2.0,8.0,10.0,4.0,5.0,3.0,4.0,4.0,3.0,4.0,5.0,4.0,4.0,3.0,6.0,4.0,4.0,5.0,1.0,2.0,-1.0,3.0,1.0,5.0,10.0,-1.0,-1.0,-1.0,-1.0,-1.0,-1.0,-1.0,-1.0,-1.0,-1.0,-1.0,-1.0,-1.0,-1.0,-1.0,-1.0,-1.0,1.0,1.0
196957106,90265,"2024-02-03 10:44:46","ENCUESTADOR 69",1,33,2,218,21801,1,4,14,-1,-1,-1,-1,-1,1,3,2,5,2.0,1.0,17.0,8.0,5.0,5.0,5.0,5.0,5.0,5.0,5.0,5.0,5.0,5.0,6.0,5.0,5.0,6.0,5.0,1.0,2.0,-1.0,1.0,1.0,1.0,4.0,7.0,8.0,-1.0,-1.0,-1.0,-1.0,-1.0,-1.0,-1.0,-1.0,-1.0,-1.0,-1.0,-1.0,-1.0,-1.0,-1.0,1.0,2.0
196957108,30871,"2024-02-02 18:05:07","ENCUESTADOR 67",2,21,4,401,40101,1,3,14,-1,-1,-1,-1,-1,1,1,1,2,1.0,2.0,2.0,5.0,2.0,3.0,3.0,3.0,3.0,3.0,3.0,3.0,3.0,2.0,3.0,3.0,2.0,3.0,3.0,1.0,2.0,-1.0,3.0,2.0,-1.0,-1.0,-1.0,-1.0,-1.0,-1.0,-1.0,-1.0,-1.0,-1.0,-1.0,-1.0,-1.0,-1.0,-1.0,-1.0,-1.0,-1.0,-1.0,3.0,4.0
196951109,45258,"2024-02-03 08:37:12","ENCUESTADOR 42",1,60,14,1401,140105,1,4,14,-1,-1,-1,-1,-1,1,1,3,1,7.0,1.0,1.0,98.0,3.0,3.0,3.0,3.0,3.0,3.0,3.0,2.0,3.0,3.0,3.0,2.0,3.0,3.0,3.0,1.0,2.0,-1.0,1.0,2.0,-1.0,-1.0,-1.0,-1.0,-1.0,-1.0,-1.0,-1.0,-1.0,-1.0,-1.0,-1.0,-1.0,-1.0,-1.0,-1.0,-1.0,-1.0,-1.0,3.0,4.0
196950212,31305,"2024-02-02 17:19:50","ENCUESTADOR 25",2,49,15,1501,150113,1,2,14,-1,-1,-1,-1,-1,1,3,4,5,2.0,3.0,-1.0,6.0,4.0,4.0,3.0,2.0,3.0,3.0,3.0,3.0,3.0,3.0,3.0,2.0,2.0,3.0,3.0,1.0,2.0,-1.0,2.0,1.0,6.0,-1.0,-1.0,-1.0,-1.0,-1.0,-1.0,-1.0,-1.0,-1.0,-1.0,-1.0,-1.0,-1.0,-1.0,-1.0,-1.0,-1.0,-1.0,2.0,2.0
196950210,97539,"2024-02-03 08:10:39","ENCUESTADOR 67",2,54,4,401,40112,1,2,14,-1,-1,-1,-1,-1,1,2,3,5,1.0,3.0,-1.0,10.0,5.0,5.0,5.0,5.0,5.0,5.0,4.0,5.0,4.0,3.0,4.0,4.0,4.0,5.0,5.0,1.0,2.0,-1.0,1.0,2.0,-1.0,-1.0,-1.0,-1.0,-1.0,-1.0,-1.0,-1.0,-1.0,-1.0,-1.0,-1.0,-1.0,-1.0,-1.0,-1.0,-1.0,-1.0,-1.0,1.0,2.0
196957120,4091,"2024-02-03 10:49:08","ENCUESTADOR 76",2,48,8,804,80401,2,-1,14,-1,-1,-1,-1,-1,1,1,1,1,1.0,1.0,17.0,9.0,4.0,4.0,5.0,3.0,4.0,5.0,4.0,3.0,4.0,4.0,5.0,3.0,5.0,4.0,3.0,1.0,2.0,-1.0,3.0,2.0,-1.0,-1.0,-1.0,-1.0,-1.0,-1.0,-1.0,-1.0,-1.0,-1.0,-1.0,-1.0,-1.0,-1.0,-1.0,-1.0,-1.0,-1.0,-1.0,1.0,1.0
196957505,65287,"2024-02-03 10:54:58","ENCUESTADOR 85",1,58,15,1501,150143,1,3,2,2,1,2,2,2,1,1,4,1,2.0,3.0,-1.0,9.0,4.0,4.0,4.0,4.0,4.0,4.0,4.0,4.0,4.0,4.0,5.0,4.0,4.0,3.0,5.0,1.0,1.0,4.0,2.0,2.0,-1.0,-1.0,-1.0,-1.0,-1.0,-1.0,-1.0,-1.0,-1.0,-1.0,-1.0,-1.0,-1.0,-1.0,-1.0,-1.0,-1.0,-1.0,-1.0,1.0,2.0
196957939,18484,"2024-02-03 11:11:14","ENCUESTADOR 23",2,65,26,1502,150201,1,4,3,5,1,2,2,1,1,1,1,1,4.0,1.0,4.0,10.0,3.0,3.0,3.0,3.0,3.0,3.0,2.0,3.0,3.0,3.0,3.0,3.0,3.0,3.0,3.0,1.0,1.0,1.0,3.0,2.0,-1.0,-1.0,-1.0,-1.0,-1.0,-1.0,-1.0,-1.0,-1.0,-1.0,-1.0,-1.0,-1.0,-1.0,-1.0,-1.0,-1.0,-1.0,-1.0,2.0,3.0
196951805,9868,"2024-02-03 09:03:47","ENCUESTADOR 42",2,55,14,1401,140105,1,4,14,-1,-1,-1,-1,-1,1,1,2,1,2.0,5.0,-1.0,-1.0,3.0,6.0,3.0,3.0,3.0,3.0,3.0,3.0,4.0,3.0,3.0,3.0,3.0,3.0,3.0,1.0,2.0,-1.0,2.0,2.0,-1.0,-1.0,-1.0,-1.0,-1.0,-1.0,-1.0,-1.0,-1.0,-1.0,-1.0,-1.0,-1.0,-1.0,-1.0,-1.0,-1.0,-1.0,-1.0,3.0,4.0
196951940,41007,"2024-02-03 09:01:07","ENCUESTADOR 85",2,44,15,1501,150143,1,3,13,1,1,2,2,2,1,3,3,5,4.0,2.0,17.0,8.0,4.0,4.0,3.0,4.0,4.0,4.0,4.0,4.0,4.0,4.0,3.0,3.0,3.0,4.0,4.0,1.0,2.0,-1.0,1.0,1.0,10.0,8.0,-1.0,-1.0,-1.0,-1.0,-1.0,-1.0,-1.0,-1.0,-1.0,-1.0,-1.0,-1.0,-1.0,-1.0,-1.0,-1.0,-1.0,1.0,2.0
196956574,62186,"2024-02-03 10:05:38","ENCUESTADOR 21",1,32,15,1501,150125,1,5,2,5,1,2,1,1,1,2,1,3,1.0,3.0,-1.0,9.0,4.0,5.0,4.0,4.0,4.0,4.0,3.0,4.0,3.0,4.0,3.0,4.0,3.0,3.0,4.0,1.0,2.0,-1.0,3.0,1.0,1.0,5.0,15.0,-1.0,-1.0,-1.0,-1.0,-1.0,-1.0,-1.0,-1.0,-1.0,-1.0,-1.0,-1.0,-1.0,-1.0,-1.0,-1.0,1.0,1.0
196958092,3630,"2024-02-03 11:02:32","ENCUESTADOR 42",2,21,14,1401,140105,1,4,7,1,1,1,2,1,1,1,2,1,4.0,3.0,-1.0,8.0,3.0,3.0,3.0,4.0,3.0,3.0,3.0,3.0,3.0,3.0,3.0,3.0,3.0,3.0,3.0,1.0,2.0,-1.0,3.0,1.0,11.0,6.0,13.0,-1.0,-1.0,-1.0,-1.0,-1.0,-1.0,-1.0,-1.0,-1.0,-1.0,-1.0,-1.0,-1.0,-1.0,-1.0,-1.0,1.0,2.0
196958202,74009,"2024-02-03 11:09:48","ENCUESTADOR 30",1,65,15,1501,150101,1,3,7,2,1,2,2,2,1,1,1,2,4.0,2.0,32.0,8.0,3.0,3.0,3.0,3.0,3.0,3.0,3.0,3.0,3.0,3.0,3.0,3.0,3.0,3.0,3.0,1.0,1.0,2.0,2.0,2.0,-1.0,-1.0,-1.0,-1.0,-1.0,-1.0,-1.0,-1.0,-1.0,-1.0,-1.0,-1.0,-1.0,-1.0,-1.0,-1.0,-1.0,-1.0,-1.0,1.0,1.0
196957023,97522,"2024-02-03 09:50:27","ENCUESTADOR 60",1,21,21,2111,211101,1,5,1,3,1,2,2,2,1,1,5,5,2.0,3.0,-1.0,8.0,3.0,3.0,3.0,3.0,3.0,3.0,3.0,3.0,3.0,3.0,2.0,3.0,3.0,3.0,3.0,1.0,2.0,-1.0,3.0,1.0,5.0,-1.0,-1.0,-1.0,-1.0,-1.0,-1.0,-1.0,-1.0,-1.0,-1.0,-1.0,-1.0,-1.0,-1.0,-1.0,-1.0,-1.0,-1.0,1.0,3.0
197018185,92899,"2024-02-04 14:11:00","ENCUESTADOR 69",1,53,2,218,21801,1,4,7,2,1,2,2,2,1,1,1,1,1.0,2.0,17.0,10.0,4.0,3.0,6.0,3.0,3.0,3.0,3.0,3.0,3.0,6.0,3.0,6.0,3.0,3.0,3.0,1.0,2.0,-1.0,3.0,1.0,4.0,5.0,-1.0,-1.0,-1.0,-1.0,-1.0,-1.0,-1.0,-1.0,-1.0,-1.0,-1.0,-1.0,-1.0,-1.0,-1.0,-1.0,-1.0,1.0,2.0
197026224,82367,"2024-02-04 15:48:22","ENCUESTADOR 61",2,58,16,1601,160101,1,5,7,1,2,2,2,2,1,1,3,1,1.0,3.0,-1.0,10.0,5.0,5.0,5.0,5.0,3.0,5.0,3.0,3.0,3.0,5.0,5.0,5.0,3.0,3.0,3.0,1.0,1.0,4.0,3.0,2.0,-1.0,-1.0,-1.0,-1.0,-1.0,-1.0,-1.0,-1.0,-1.0,-1.0,-1.0,-1.0,-1.0,-1.0,-1.0,-1.0,-1.0,-1.0,-1.0,1.0,2.0
197025121,83879,"2024-02-04 15:41:16","ENCUESTADOR 75",1,50,8,813,81301,1,4,2,2,1,2,2,2,1,3,7,5,1.0,2.0,30.0,9.0,5.0,5.0,4.0,4.0,4.0,5.0,5.0,4.0,5.0,5.0,4.0,5.0,5.0,5.0,4.0,1.0,2.0,-1.0,2.0,1.0,8.0,-1.0,-1.0,-1.0,-1.0,-1.0,-1.0,-1.0,-1.0,-1.0,-1.0,-1.0,-1.0,-1.0,-1.0,-1.0,-1.0,-1.0,-1.0,1.0,1.0
197018535,27532,"2024-02-04 14:01:19","ENCUESTADOR 91",1,40,15,1501,150132,1,3,14,-1,-1,-1,-1,-1,1,4,-1,-1,6.0,2.0,32.0,7.0,3.0,3.0,3.0,3.0,3.0,3.0,3.0,3.0,3.0,3.0,3.0,3.0,3.0,3.0,3.0,1.0,2.0,-1.0,2.0,1.0,1.0,-1.0,-1.0,-1.0,-1.0,-1.0,-1.0,-1.0,-1.0,-1.0,-1.0,-1.0,-1.0,-1.0,-1.0,-1.0,-1.0,-1.0,-1.0,3.0,1.0
197129288,39309,"2024-02-06 15:21:51","ENCUESTADOR 31",2,22,15,1501,150122,1,3,7,3,1,1,2,1,1,3,5,5,1.0,2.0,12.0,10.0,5.0,4.0,5.0,4.0,5.0,5.0,5.0,4.0,4.0,4.0,5.0,5.0,5.0,5.0,5.0,1.0,1.0,1.0,3.0,1.0,6.0,1.0,-1.0,-1.0,-1.0,-1.0,-1.0,-1.0,-1.0,-1.0,-1.0,-1.0,-1.0,-1.0,-1.0,-1.0,-1.0,-1.0,-1.0,1.0,1.0
197029549,13951,"2024-02-03 13:49:58","ENCUESTADOR 47",2,30,11,1101,110106,2,-1,4,2,1,2,2,2,1,2,7,5,1.0,2.0,3.0,9.0,3.0,4.0,4.0,3.0,4.0,3.0,4.0,4.0,4.0,3.0,4.0,4.0,3.0,3.0,4.0,1.0,2.0,-1.0,2.0,1.0,3.0,4.0,5.0,-1.0,-1.0,-1.0,-1.0,-1.0,-1.0,-1.0,-1.0,-1.0,-1.0,-1.0,-1.0,-1.0,-1.0,-1.0,-1.0,2.0,1.0
197007094,79351,"2024-02-04 11:14:52","ENCUESTADOR 67",1,34,4,405,40520,2,-1,5,4,1,2,2,2,1,1,7,1,2.0,2.0,12.0,8.0,3.0,3.0,3.0,4.0,3.0,3.0,3.0,3.0,3.0,3.0,3.0,3.0,3.0,3.0,3.0,1.0,2.0,-1.0,3.0,2.0,-1.0,-1.0,-1.0,-1.0,-1.0,-1.0,-1.0,-1.0,-1.0,-1.0,-1.0,-1.0,-1.0,-1.0,-1.0,-1.0,-1.0,-1.0,-1.0,3.0,2.0
197015691,57227,"2024-02-04 13:24:06","ENCUESTADOR 73",2,40,15,1501,150110,1,3,1,1,1,2,2,1,1,1,1,2,2.0,3.0,-1.0,10.0,4.0,4.0,5.0,4.0,4.0,5.0,5.0,4.0,5.0,4.0,4.0,5.0,5.0,4.0,5.0,1.0,1.0,1.0,1.0,1.0,6.0,13.0,-1.0,-1.0,-1.0,-1.0,-1.0,-1.0,-1.0,-1.0,-1.0,-1.0,-1.0,-1.0,-1.0,-1.0,-1.0,-1.0,-1.0,1.0,1.0
197011673,50983,"2024-02-04 12:03:45","ENCUESTADOR 32",2,39,12,1201,120114,1,4,13,1,1,2,2,2,1,1,1,2,2.0,2.0,30.0,9.0,3.0,3.0,3.0,3.0,3.0,3.0,3.0,3.0,3.0,3.0,3.0,3.0,3.0,3.0,3.0,1.0,2.0,-1.0,3.0,2.0,-1.0,-1.0,-1.0,-1.0,-1.0,-1.0,-1.0,-1.0,-1.0,-1.0,-1.0,-1.0,-1.0,-1.0,-1.0,-1.0,-1.0,-1.0,-1.0,3.0,4.0
197007483,83699,"2024-02-04 11:31:16","ENCUESTADOR 30",2,25,15,1501,150132,1,3,1,3,1,1,1,1,1,2,1,3,2.0,2.0,8.0,10.0,3.0,4.0,3.0,3.0,3.0,3.0,4.0,3.0,4.0,3.0,3.0,3.0,3.0,3.0,3.0,1.0,2.0,-1.0,3.0,1.0,4.0,7.0,-1.0,-1.0,-1.0,-1.0,-1.0,-1.0,-1.0,-1.0,-1.0,-1.0,-1.0,-1.0,-1.0,-1.0,-1.0,-1.0,-1.0,1.0,1.0
197029614,6022,"2024-02-04 11:19:04","ENCUESTADOR 47",2,54,11,1102,110201,1,5,7,2,1,2,2,2,1,1,7,6,1.0,2.0,10.0,10.0,4.0,4.0,4.0,5.0,4.0,4.0,3.0,3.0,4.0,3.0,5.0,3.0,4.0,3.0,4.0,1.0,1.0,1.0,3.0,2.0,-1.0,-1.0,-1.0,-1.0,-1.0,-1.0,-1.0,-1.0,-1.0,-1.0,-1.0,-1.0,-1.0,-1.0,-1.0,-1.0,-1.0,-1.0,-1.0,1.0,2.0
197006289,68792,"2024-02-04 11:18:29","ENCUESTADOR 20",2,20,15,1501,150132,1,3,14,-1,-1,-1,-1,-1,1,2,7,5,1.0,1.0,17.0,10.0,5.0,5.0,5.0,5.0,5.0,3.0,5.0,5.0,5.0,5.0,5.0,5.0,5.0,4.0,5.0,1.0,1.0,2.0,2.0,1.0,5.0,3.0,-1.0,-1.0,-1.0,-1.0,-1.0,-1.0,-1.0,-1.0,-1.0,-1.0,-1.0,-1.0,-1.0,-1.0,-1.0,-1.0,-1.0,1.0,2.0
197005486,13015,"2024-02-04 10:53:35","ENCUESTADOR 60",1,34,21,2111,211101,1,4,14,-1,-1,-1,-1,-1,1,1,7,1,2.0,3.0,-1.0,6.0,3.0,3.0,3.0,3.0,3.0,3.0,3.0,3.0,2.0,3.0,3.0,3.0,3.0,3.0,3.0,1.0,2.0,-1.0,3.0,2.0,-1.0,-1.0,-1.0,-1.0,-1.0,-1.0,-1.0,-1.0,-1.0,-1.0,-1.0,-1.0,-1.0,-1.0,-1.0,-1.0,-1.0,-1.0,-1.0,3.0,1.0
197004822,73678,"2024-02-03 11:43:47","ENCUESTADOR 4",1,48,10,1006,100601,2,-1,14,-1,-1,-1,-1,-1,1,1,6,1,1.0,1.0,13.0,7.0,3.0,3.0,3.0,3.0,3.0,3.0,3.0,3.0,3.0,6.0,6.0,6.0,3.0,3.0,3.0,1.0,2.0,-1.0,2.0,1.0,13.0,-1.0,-1.0,-1.0,-1.0,-1.0,-1.0,-1.0,-1.0,-1.0,-1.0,-1.0,-1.0,-1.0,-1.0,-1.0,-1.0,-1.0,-1.0,3.0,4.0
197000434,40448,"2024-02-04 09:57:00","ENCUESTADOR 85",1,38,15,1501,150143,1,3,6,2,1,2,1,2,1,1,1,2,5.0,2.0,17.0,3.0,2.0,2.0,2.0,2.0,2.0,2.0,2.0,3.0,2.0,2.0,2.0,2.0,2.0,3.0,2.0,2.0,2.0,-1.0,3.0,1.0,1.0,5.0,13.0,-1.0,-1.0,-1.0,-1.0,-1.0,-1.0,-1.0,-1.0,-1.0,-1.0,-1.0,-1.0,-1.0,-1.0,-1.0,-1.0,1.0,2.0
196989749,41801,"2024-02-03 18:01:23","ENCUESTADOR 43",1,44,7,701,70101,1,2,7,3,1,2,1,2,1,2,7,3,2.0,2.0,12.0,8.0,5.0,5.0,5.0,5.0,5.0,5.0,5.0,5.0,5.0,5.0,4.0,5.0,4.0,5.0,5.0,1.0,2.0,-1.0,2.0,1.0,14.0,-1.0,-1.0,-1.0,-1.0,-1.0,-1.0,-1.0,-1.0,-1.0,-1.0,-1.0,-1.0,-1.0,-1.0,-1.0,-1.0,-1.0,-1.0,1.0,1.0
196981996,92657,"2024-02-03 14:22:02","ENCUESTADOR 34",2,43,21,2102,210204,2,-1,14,-1,-1,-1,-1,-1,1,1,1,1,1.0,3.0,-1.0,5.0,3.0,3.0,3.0,3.0,2.0,3.0,3.0,3.0,3.0,4.0,4.0,3.0,2.0,2.0,3.0,1.0,2.0,-1.0,3.0,2.0,-1.0,-1.0,-1.0,-1.0,-1.0,-1.0,-1.0,-1.0,-1.0,-1.0,-1.0,-1.0,-1.0,-1.0,-1.0,-1.0,-1.0,-1.0,-1.0,2.0,2.0
196979435,81096,"2024-02-03 18:47:40","ENCUESTADOR 52",1,20,22,2209,220901,1,3,2,11,1,2,2,2,1,1,1,1,2.0,3.0,-1.0,10.0,5.0,5.0,5.0,5.0,5.0,5.0,5.0,5.0,5.0,5.0,5.0,5.0,5.0,5.0,5.0,1.0,1.0,1.0,2.0,2.0,-1.0,-1.0,-1.0,-1.0,-1.0,-1.0,-1.0,-1.0,-1.0,-1.0,-1.0,-1.0,-1.0,-1.0,-1.0,-1.0,-1.0,-1.0,-1.0,1.0,2.0
196975782,9979,"2024-02-03 17:13:08","ENCUESTADOR 26",2,40,15,1501,150111,1,4,11,1,1,1,2,1,1,1,6,1,1.0,3.0,-1.0,5.0,3.0,3.0,3.0,3.0,3.0,3.0,3.0,2.0,3.0,3.0,3.0,3.0,3.0,3.0,3.0,1.0,2.0,-1.0,2.0,1.0,15.0,14.0,-1.0,-1.0,-1.0,-1.0,-1.0,-1.0,-1.0,-1.0,-1.0,-1.0,-1.0,-1.0,-1.0,-1.0,-1.0,-1.0,-1.0,2.0,1.0
196975653,27916,"2024-02-03 17:07:24","ENCUESTADOR 52",2,42,22,2209,220910,1,3,14,-1,-1,-1,-1,-1,1,1,1,1,2.0,3.0,-1.0,7.0,3.0,3.0,4.0,3.0,3.0,3.0,3.0,3.0,3.0,3.0,3.0,4.0,3.0,4.0,3.0,1.0,2.0,-1.0,2.0,1.0,13.0,-1.0,-1.0,-1.0,-1.0,-1.0,-1.0,-1.0,-1.0,-1.0,-1.0,-1.0,-1.0,-1.0,-1.0,-1.0,-1.0,-1.0,-1.0,1.0,1.0
197118373,35316,"2024-02-06 10:32:58","ENCUESTADOR 56",1,18,8,801,80101,1,3,3,2,1,2,2,2,1,1,7,1,1.0,3.0,-1.0,7.0,4.0,4.0,4.0,3.0,4.0,4.0,4.0,3.0,4.0,4.0,4.0,3.0,3.0,3.0,4.0,1.0,2.0,-1.0,2.0,1.0,6.0,7.0,8.0,-1.0,-1.0,-1.0,-1.0,-1.0,-1.0,-1.0,-1.0,-1.0,-1.0,-1.0,-1.0,-1.0,-1.0,-1.0,-1.0,1.0,2.0
197079910,88855,"2024-02-05 17:12:53","ENCUESTADOR 76",2,27,8,801,80106,1,3,2,11,1,1,2,2,1,1,1,1,1.0,3.0,-1.0,5.0,3.0,3.0,3.0,3.0,5.0,3.0,5.0,5.0,3.0,1.0,3.0,3.0,3.0,3.0,3.0,1.0,1.0,1.0,3.0,1.0,6.0,-1.0,-1.0,-1.0,-1.0,-1.0,-1.0,-1.0,-1.0,-1.0,-1.0,-1.0,-1.0,-1.0,-1.0,-1.0,-1.0,-1.0,-1.0,1.0,3.0
197030573,3241,"2024-02-04 16:52:36","ENCUESTADOR 66",1,34,12,1201,120101,1,3,14,-1,-1,-1,-1,-1,1,1,7,1,1.0,3.0,-1.0,8.0,3.0,4.0,3.0,3.0,3.0,3.0,3.0,3.0,4.0,3.0,3.0,3.0,3.0,3.0,3.0,1.0,2.0,-1.0,3.0,1.0,5.0,13.0,-1.0,-1.0,-1.0,-1.0,-1.0,-1.0,-1.0,-1.0,-1.0,-1.0,-1.0,-1.0,-1.0,-1.0,-1.0,-1.0,-1.0,2.0,2.0
197069411,34279,"2024-02-05 11:36:22","ENCUESTADOR 79",1,33,15,1501,150103,1,4,14,-1,-1,-1,-1,-1,1,3,7,5,6.0,2.0,17.0,5.0,3.0,3.0,3.0,3.0,6.0,6.0,6.0,6.0,3.0,2.0,2.0,2.0,3.0,2.0,3.0,2.0,2.0,-1.0,1.0,1.0,6.0,8.0,11.0,-1.0,-1.0,-1.0,-1.0,-1.0,-1.0,-1.0,-1.0,-1.0,-1.0,-1.0,-1.0,-1.0,-1.0,-1.0,-1.0,1.0,2.0
197060083,10737,"2024-02-05 10:15:04","ENCUESTADOR 74",1,42,9,901,90101,2,-1,14,-1,-1,-1,-1,-1,1,1,6,1,1.0,1.0,17.0,2.0,3.0,3.0,2.0,2.0,2.0,3.0,2.0,3.0,2.0,2.0,2.0,2.0,2.0,2.0,2.0,2.0,2.0,-1.0,3.0,2.0,-1.0,-1.0,-1.0,-1.0,-1.0,-1.0,-1.0,-1.0,-1.0,-1.0,-1.0,-1.0,-1.0,-1.0,-1.0,-1.0,-1.0,-1.0,-1.0,2.0,1.0
197060569,56158,"2024-02-04 15:07:55","ENCUESTADOR 50",2,25,15,1501,150135,1,5,11,12,2,2,2,2,1,1,2,1,1.0,2.0,12.0,7.0,1.0,2.0,1.0,1.0,1.0,2.0,2.0,2.0,2.0,2.0,1.0,1.0,2.0,1.0,2.0,2.0,2.0,-1.0,2.0,2.0,-1.0,-1.0,-1.0,-1.0,-1.0,-1.0,-1.0,-1.0,-1.0,-1.0,-1.0,-1.0,-1.0,-1.0,-1.0,-1.0,-1.0,-1.0,-1.0,1.0,1.0
197064113,21504,"2024-02-05 10:00:50","ENCUESTADOR 85",2,35,15,1501,150133,1,3,4,6,1,2,2,2,1,1,1,1,2.0,2.0,30.0,9.0,5.0,5.0,5.0,4.0,5.0,5.0,5.0,5.0,5.0,5.0,3.0,5.0,5.0,4.0,5.0,1.0,2.0,-1.0,3.0,1.0,1.0,5.0,-1.0,-1.0,-1.0,-1.0,-1.0,-1.0,-1.0,-1.0,-1.0,-1.0,-1.0,-1.0,-1.0,-1.0,-1.0,-1.0,-1.0,1.0,2.0
197065894,27581,"2024-02-05 11:29:30","ENCUESTADOR 35",1,25,2,206,20609,2,-1,7,2,1,2,2,2,1,3,7,5,6.0,1.0,17.0,8.0,4.0,5.0,4.0,4.0,5.0,4.0,5.0,4.0,4.0,4.0,4.0,5.0,5.0,4.0,5.0,1.0,2.0,-1.0,2.0,1.0,7.0,-1.0,-1.0,-1.0,-1.0,-1.0,-1.0,-1.0,-1.0,-1.0,-1.0,-1.0,-1.0,-1.0,-1.0,-1.0,-1.0,-1.0,-1.0,1.0,2.0
197066381,72930,"2024-02-05 12:16:53","ENCUESTADOR 64",1,52,15,1501,150133,1,4,14,-1,-1,-1,-1,-1,1,1,1,1,5.0,3.0,-1.0,8.0,3.0,3.0,3.0,2.0,3.0,3.0,2.0,2.0,3.0,2.0,3.0,2.0,3.0,3.0,3.0,1.0,1.0,5.0,3.0,2.0,-1.0,-1.0,-1.0,-1.0,-1.0,-1.0,-1.0,-1.0,-1.0,-1.0,-1.0,-1.0,-1.0,-1.0,-1.0,-1.0,-1.0,-1.0,-1.0,1.0,1.0
197082881,83847,"2024-02-05 18:33:01","ENCUESTADOR 66",1,27,12,1207,120701,1,5,2,3,1,2,1,2,1,1,7,1,4.0,2.0,8.0,7.0,4.0,4.0,3.0,3.0,3.0,3.0,3.0,4.0,3.0,4.0,3.0,3.0,4.0,3.0,3.0,1.0,2.0,-1.0,3.0,1.0,6.0,1.0,7.0,-1.0,-1.0,-1.0,-1.0,-1.0,-1.0,-1.0,-1.0,-1.0,-1.0,-1.0,-1.0,-1.0,-1.0,-1.0,-1.0,3.0,1.0
197081842,76028,"2024-02-05 18:04:26","ENCUESTADOR 76",1,56,8,801,80106,1,3,8,1,1,2,2,2,1,1,1,1,4.0,1.0,12.0,6.0,3.0,3.0,3.0,5.0,3.0,3.0,3.0,3.0,3.0,3.0,3.0,3.0,4.0,3.0,3.0,1.0,2.0,-1.0,2.0,1.0,13.0,-1.0,-1.0,-1.0,-1.0,-1.0,-1.0,-1.0,-1.0,-1.0,-1.0,-1.0,-1.0,-1.0,-1.0,-1.0,-1.0,-1.0,-1.0,3.0,2.0
197031801,26896,"2024-02-04 16:35:15","ENCUESTADOR 61",1,63,16,1601,160101,1,5,14,-1,-1,-1,-1,-1,1,1,7,2,1.0,3.0,-1.0,0.0,3.0,3.0,4.0,3.0,3.0,3.0,3.0,3.0,3.0,5.0,3.0,3.0,3.0,3.0,3.0,2.0,2.0,-1.0,3.0,2.0,-1.0,-1.0,-1.0,-1.0,-1.0,-1.0,-1.0,-1.0,-1.0,-1.0,-1.0,-1.0,-1.0,-1.0,-1.0,-1.0,-1.0,-1.0,-1.0,2.0,2.0
197071113,17953,"2024-02-05 13:56:48","ENCUESTADOR 49",2,60,20,2006,200601,1,3,14,-1,-1,-1,-1,-1,1,1,4,1,1.0,1.0,20.0,10.0,3.0,3.0,3.0,3.0,3.0,3.0,3.0,3.0,3.0,3.0,3.0,2.0,3.0,3.0,3.0,1.0,2.0,-1.0,3.0,1.0,5.0,-1.0,-1.0,-1.0,-1.0,-1.0,-1.0,-1.0,-1.0,-1.0,-1.0,-1.0,-1.0,-1.0,-1.0,-1.0,-1.0,-1.0,-1.0,3.0,2.0
197075564,8649,"2024-02-05 10:37:30","ENCUESTADOR 1",2,32,15,1501,150132,1,3,13,12,2,2,2,2,1,3,4,5,1.0,2.0,8.0,6.0,3.0,4.0,3.0,3.0,3.0,3.0,3.0,3.0,3.0,1.0,2.0,3.0,3.0,1.0,3.0,1.0,2.0,-1.0,3.0,2.0,-1.0,-1.0,-1.0,-1.0,-1.0,-1.0,-1.0,-1.0,-1.0,-1.0,-1.0,-1.0,-1.0,-1.0,-1.0,-1.0,-1.0,-1.0,-1.0,3.0,4.0
197076390,40875,"2024-02-05 12:20:54","ENCUESTADOR 16",1,25,5,501,50101,1,5,14,-1,-1,-1,-1,-1,1,1,1,1,4.0,2.0,13.0,5.0,3.0,4.0,3.0,3.0,2.0,1.0,3.0,3.0,3.0,3.0,3.0,2.0,3.0,2.0,4.0,2.0,2.0,-1.0,1.0,1.0,1.0,6.0,3.0,-1.0,-1.0,-1.0,-1.0,-1.0,-1.0,-1.0,-1.0,-1.0,-1.0,-1.0,-1.0,-1.0,-1.0,-1.0,-1.0,1.0,1.0
197076391,75283,"2024-02-05 13:15:58","ENCUESTADOR 16",2,29,5,501,50101,2,-1,7,2,2,2,2,2,1,1,1,1,2.0,1.0,17.0,6.0,3.0,3.0,2.0,3.0,3.0,2.0,2.0,2.0,2.0,2.0,2.0,3.0,2.0,2.0,2.0,1.0,2.0,-1.0,2.0,2.0,-1.0,-1.0,-1.0,-1.0,-1.0,-1.0,-1.0,-1.0,-1.0,-1.0,-1.0,-1.0,-1.0,-1.0,-1.0,-1.0,-1.0,-1.0,-1.0,2.0,2.0
197076392,7945,"2024-02-05 15:00:15","ENCUESTADOR 16",2,19,5,501,50101,2,-1,14,-1,-1,-1,-1,-1,1,1,1,1,3.0,2.0,26.0,5.0,3.0,4.0,3.0,3.0,4.0,3.0,3.0,3.0,3.0,3.0,3.0,3.0,3.0,3.0,5.0,2.0,1.0,1.0,2.0,1.0,16.0,-1.0,-1.0,-1.0,-1.0,-1.0,-1.0,-1.0,-1.0,-1.0,-1.0,-1.0,-1.0,-1.0,-1.0,-1.0,-1.0,-1.0,-1.0,1.0,3.0
197077598,3601,"2024-02-05 15:16:28","ENCUESTADOR 40",2,21,12,1201,120107,1,5,14,-1,-1,-1,-1,-1,1,2,5,5,1.0,5.0,-1.0,-1.0,3.0,3.0,3.0,3.0,3.0,3.0,3.0,3.0,3.0,3.0,3.0,3.0,3.0,3.0,3.0,1.0,2.0,-1.0,2.0,1.0,11.0,-1.0,-1.0,-1.0,-1.0,-1.0,-1.0,-1.0,-1.0,-1.0,-1.0,-1.0,-1.0,-1.0,-1.0,-1.0,-1.0,-1.0,-1.0,3.0,2.0
197057785,87345,"2024-02-04 15:31:18","ENCUESTADOR 14",1,55,15,1501,150106,1,4,4,12,2,2,2,2,1,2,7,5,1.0,2.0,13.0,10.0,3.0,3.0,3.0,5.0,3.0,3.0,3.0,3.0,5.0,3.0,3.0,5.0,3.0,5.0,3.0,1.0,1.0,4.0,2.0,1.0,6.0,7.0,-1.0,-1.0,-1.0,-1.0,-1.0,-1.0,-1.0,-1.0,-1.0,-1.0,-1.0,-1.0,-1.0,-1.0,-1.0,-1.0,-1.0,1.0,2.0
197057283,84144,"2024-02-05 09:23:53","ENCUESTADOR 52",1,30,22,2208,220804,1,5,3,2,1,2,2,2,1,1,1,1,1.0,2.0,12.0,7.0,3.0,3.0,3.0,3.0,3.0,3.0,3.0,3.0,3.0,3.0,3.0,3.0,3.0,3.0,3.0,1.0,1.0,3.0,2.0,1.0,5.0,7.0,-1.0,-1.0,-1.0,-1.0,-1.0,-1.0,-1.0,-1.0,-1.0,-1.0,-1.0,-1.0,-1.0,-1.0,-1.0,-1.0,-1.0,1.0,1.0
197039815,13495,"2024-02-04 16:57:32","ENCUESTADOR 7",1,34,2,218,21809,1,3,14,-1,-1,-1,-1,-1,1,1,1,2,3.0,2.0,5.0,9.0,3.0,3.0,3.0,3.0,3.0,3.0,3.0,3.0,3.0,3.0,3.0,3.0,3.0,3.0,3.0,1.0,2.0,-1.0,3.0,2.0,-1.0,-1.0,-1.0,-1.0,-1.0,-1.0,-1.0,-1.0,-1.0,-1.0,-1.0,-1.0,-1.0,-1.0,-1.0,-1.0,-1.0,-1.0,-1.0,3.0,4.0
196973317,33066,"2024-02-03 16:23:16","ENCUESTADOR 5",1,29,15,1501,150128,1,3,14,-1,-1,-1,-1,-1,1,1,7,5,1.0,1.0,26.0,6.0,3.0,3.0,3.0,3.0,3.0,4.0,3.0,3.0,3.0,3.0,3.0,3.0,3.0,2.0,3.0,1.0,2.0,-1.0,2.0,1.0,6.0,-1.0,-1.0,-1.0,-1.0,-1.0,-1.0,-1.0,-1.0,-1.0,-1.0,-1.0,-1.0,-1.0,-1.0,-1.0,-1.0,-1.0,-1.0,3.0,1.0
197038206,82592,"2024-02-04 15:28:00","ENCUESTADOR 41",2,30,13,1301,130101,1,3,14,-1,-1,-1,-1,-1,1,1,4,1,5.0,3.0,-1.0,10.0,2.0,3.0,4.0,3.0,3.0,3.0,3.0,3.0,3.0,3.0,3.0,3.0,3.0,3.0,3.0,1.0,2.0,-1.0,2.0,2.0,-1.0,-1.0,-1.0,-1.0,-1.0,-1.0,-1.0,-1.0,-1.0,-1.0,-1.0,-1.0,-1.0,-1.0,-1.0,-1.0,-1.0,-1.0,-1.0,1.0,2.0
197084190,31362,"2024-02-05 12:16:58","ENCUESTADOR 8",2,67,14,1401,140101,1,4,1,11,1,2,2,2,1,1,1,1,1.0,3.0,-1.0,10.0,4.0,4.0,4.0,4.0,4.0,4.0,4.0,4.0,4.0,4.0,5.0,3.0,4.0,4.0,5.0,1.0,1.0,1.0,3.0,2.0,-1.0,-1.0,-1.0,-1.0,-1.0,-1.0,-1.0,-1.0,-1.0,-1.0,-1.0,-1.0,-1.0,-1.0,-1.0,-1.0,-1.0,-1.0,-1.0,1.0,2.0
197036659,8245,"2024-02-04 12:06:37","ENCUESTADOR 43",2,34,15,1501,150135,1,3,2,7,1,2,2,2,1,1,1,1,2.0,1.0,11.0,7.0,4.0,3.0,4.0,4.0,4.0,3.0,4.0,3.0,3.0,3.0,3.0,3.0,3.0,3.0,4.0,1.0,2.0,-1.0,1.0,1.0,16.0,-1.0,-1.0,-1.0,-1.0,-1.0,-1.0,-1.0,-1.0,-1.0,-1.0,-1.0,-1.0,-1.0,-1.0,-1.0,-1.0,-1.0,-1.0,1.0,2.0
197036654,75073,"2024-02-04 09:54:12","ENCUESTADOR 43",1,52,15,1501,150135,1,3,14,-1,-1,-1,-1,-1,1,1,1,2,2.0,3.0,-1.0,9.0,3.0,3.0,3.0,3.0,3.0,3.0,3.0,4.0,3.0,3.0,3.0,3.0,3.0,2.0,3.0,1.0,2.0,-1.0,1.0,1.0,7.0,-1.0,-1.0,-1.0,-1.0,-1.0,-1.0,-1.0,-1.0,-1.0,-1.0,-1.0,-1.0,-1.0,-1.0,-1.0,-1.0,-1.0,-1.0,2.0,2.0
197036575,22313,"2024-02-04 15:31:16","ENCUESTADOR 64",2,22,15,1501,150133,1,4,14,-1,-1,-1,-1,-1,1,1,1,2,2.0,2.0,7.0,5.0,3.0,3.0,3.0,3.0,3.0,3.0,3.0,3.0,2.0,2.0,3.0,3.0,2.0,2.0,3.0,1.0,2.0,-1.0,2.0,2.0,-1.0,-1.0,-1.0,-1.0,-1.0,-1.0,-1.0,-1.0,-1.0,-1.0,-1.0,-1.0,-1.0,-1.0,-1.0,-1.0,-1.0,-1.0,-1.0,3.0,4.0
197036359,95113,"2024-02-04 19:25:31","ENCUESTADOR 12",1,46,26,1506,150604,1,5,6,3,1,2,2,2,1,1,1,1,1.0,2.0,30.0,9.0,3.0,3.0,3.0,3.0,3.0,3.0,3.0,3.0,3.0,3.0,3.0,3.0,3.0,3.0,3.0,1.0,2.0,-1.0,3.0,1.0,6.0,-1.0,-1.0,-1.0,-1.0,-1.0,-1.0,-1.0,-1.0,-1.0,-1.0,-1.0,-1.0,-1.0,-1.0,-1.0,-1.0,-1.0,-1.0,3.0,2.0
197036090,94255,"2024-02-04 14:02:35","ENCUESTADOR 8",1,40,14,1401,140101,1,5,3,1,1,2,2,1,1,1,1,1,5.0,2.0,33.0,8.0,3.0,3.0,3.0,3.0,3.0,3.0,3.0,3.0,3.0,3.0,3.0,6.0,3.0,3.0,3.0,1.0,2.0,-1.0,2.0,2.0,-1.0,-1.0,-1.0,-1.0,-1.0,-1.0,-1.0,-1.0,-1.0,-1.0,-1.0,-1.0,-1.0,-1.0,-1.0,-1.0,-1.0,-1.0,-1.0,3.0,2.0
197035490,15055,"2024-02-04 19:22:08","ENCUESTADOR 39",2,68,25,2501,250105,1,4,1,12,1,2,2,2,1,1,1,1,1.0,1.0,12.0,10.0,3.0,3.0,3.0,3.0,3.0,3.0,3.0,3.0,3.0,3.0,3.0,3.0,3.0,3.0,3.0,1.0,1.0,1.0,3.0,2.0,-1.0,-1.0,-1.0,-1.0,-1.0,-1.0,-1.0,-1.0,-1.0,-1.0,-1.0,-1.0,-1.0,-1.0,-1.0,-1.0,-1.0,-1.0,-1.0,2.0,2.0
197035347,19505,"2024-02-04 19:55:01","ENCUESTADOR 45",2,50,4,401,40129,1,4,14,-1,-1,-1,-1,-1,1,1,2,1,2.0,1.0,18.0,7.0,3.0,3.0,3.0,3.0,3.0,3.0,3.0,3.0,3.0,3.0,3.0,3.0,3.0,3.0,3.0,1.0,1.0,1.0,2.0,2.0,-1.0,-1.0,-1.0,-1.0,-1.0,-1.0,-1.0,-1.0,-1.0,-1.0,-1.0,-1.0,-1.0,-1.0,-1.0,-1.0,-1.0,-1.0,-1.0,2.0,2.0
197109551,59266,"2024-02-06 09:30:09","ENCUESTADOR 61",1,61,16,1601,160113,1,4,14,-1,-1,-1,-1,-1,1,1,7,1,6.0,2.0,7.0,7.0,3.0,3.0,3.0,3.0,3.0,3.0,3.0,3.0,3.0,3.0,3.0,3.0,3.0,3.0,3.0,1.0,2.0,-1.0,3.0,2.0,-1.0,-1.0,-1.0,-1.0,-1.0,-1.0,-1.0,-1.0,-1.0,-1.0,-1.0,-1.0,-1.0,-1.0,-1.0,-1.0,-1.0,-1.0,-1.0,3.0,3.0
197079673,46863,"2024-02-05 16:56:04","ENCUESTADOR 49",1,23,20,2006,200601,1,4,4,2,1,2,2,2,1,1,1,2,1.0,3.0,-1.0,8.0,3.0,3.0,3.0,3.0,3.0,3.0,3.0,3.0,3.0,3.0,3.0,3.0,3.0,3.0,3.0,1.0,2.0,-1.0,3.0,1.0,6.0,7.0,-1.0,-1.0,-1.0,-1.0,-1.0,-1.0,-1.0,-1.0,-1.0,-1.0,-1.0,-1.0,-1.0,-1.0,-1.0,-1.0,-1.0,1.0,2.0
197117678,3500,"2024-02-06 10:29:35","ENCUESTADOR 31",1,54,15,1501,150135,1,4,14,-1,-1,-1,-1,-1,1,1,1,1,3.0,1.0,98.0,8.0,3.0,3.0,3.0,3.0,3.0,3.0,3.0,3.0,3.0,3.0,3.0,3.0,3.0,3.0,3.0,1.0,2.0,-1.0,2.0,1.0,1.0,-1.0,-1.0,-1.0,-1.0,-1.0,-1.0,-1.0,-1.0,-1.0,-1.0,-1.0,-1.0,-1.0,-1.0,-1.0,-1.0,-1.0,-1.0,3.0,4.0
197118283,39650,"2024-02-06 11:29:46","ENCUESTADOR 51",1,19,5,501,50101,2,-1,3,1,1,2,1,2,1,1,1,1,1.0,2.0,16.0,10.0,3.0,3.0,3.0,3.0,3.0,3.0,3.0,3.0,3.0,3.0,3.0,3.0,3.0,3.0,3.0,1.0,2.0,-1.0,3.0,2.0,-1.0,-1.0,-1.0,-1.0,-1.0,-1.0,-1.0,-1.0,-1.0,-1.0,-1.0,-1.0,-1.0,-1.0,-1.0,-1.0,-1.0,-1.0,-1.0,3.0,4.0
196975052,42714,"2024-02-03 17:00:09","ENCUESTADOR 49",1,60,20,2006,200601,1,3,1,11,1,2,2,2,1,1,1,2,2.0,1.0,14.0,8.0,2.0,3.0,2.0,6.0,2.0,2.0,2.0,3.0,2.0,2.0,2.0,2.0,2.0,2.0,6.0,1.0,1.0,1.0,3.0,1.0,6.0,-1.0,-1.0,-1.0,-1.0,-1.0,-1.0,-1.0,-1.0,-1.0,-1.0,-1.0,-1.0,-1.0,-1.0,-1.0,-1.0,-1.0,-1.0,2.0,1.0
197035255,12167,"2024-02-04 19:14:31","ENCUESTADOR 27",1,50,3,302,30201,1,5,14,-1,-1,-1,-1,-1,1,1,7,2,5.0,2.0,8.0,5.0,3.0,3.0,3.0,3.0,3.0,3.0,3.0,3.0,3.0,2.0,3.0,3.0,2.0,3.0,3.0,1.0,2.0,-1.0,3.0,2.0,-1.0,-1.0,-1.0,-1.0,-1.0,-1.0,-1.0,-1.0,-1.0,-1.0,-1.0,-1.0,-1.0,-1.0,-1.0,-1.0,-1.0,-1.0,-1.0,3.0,2.0
196963870,36239,"2024-02-03 12:57:04","ENCUESTADOR 84",1,41,15,1501,150142,1,3,14,-1,-1,-1,-1,-1,1,3,7,5,1.0,3.0,-1.0,8.0,2.0,3.0,3.0,3.0,3.0,3.0,3.0,3.0,2.0,2.0,2.0,3.0,3.0,3.0,3.0,1.0,2.0,-1.0,3.0,1.0,6.0,-1.0,-1.0,-1.0,-1.0,-1.0,-1.0,-1.0,-1.0,-1.0,-1.0,-1.0,-1.0,-1.0,-1.0,-1.0,-1.0,-1.0,-1.0,2.0,2.0
196961444,9799,"2024-02-03 12:16:34","ENCUESTADOR 76",1,44,8,804,80401,1,5,7,1,2,2,1,2,1,1,1,1,1.0,3.0,-1.0,5.0,3.0,3.0,4.0,2.0,2.0,2.0,4.0,2.0,2.0,2.0,2.0,2.0,3.0,2.0,2.0,2.0,2.0,-1.0,1.0,1.0,7.0,6.0,-1.0,-1.0,-1.0,-1.0,-1.0,-1.0,-1.0,-1.0,-1.0,-1.0,-1.0,-1.0,-1.0,-1.0,-1.0,-1.0,-1.0,2.0,2.0
196971637,79313,"2024-02-03 13:59:44","ENCUESTADOR 60",2,35,21,2111,211101,1,5,3,3,1,2,2,2,1,1,7,1,2.0,2.0,20.0,0.0,3.0,2.0,2.0,2.0,1.0,2.0,2.0,2.0,2.0,2.0,1.0,2.0,2.0,2.0,1.0,2.0,2.0,-1.0,3.0,1.0,5.0,-1.0,-1.0,-1.0,-1.0,-1.0,-1.0,-1.0,-1.0,-1.0,-1.0,-1.0,-1.0,-1.0,-1.0,-1.0,-1.0,-1.0,-1.0,1.0,1.0
