Interview,104,101,95,96,97,94,76,80,81,77,78,91,102,79,82,98,15,9,10,11,12,83,84,85,86,87,88,89,90,1,2,4,99,5,Q25_13,Q25_14,Q25_15,Q25_16,Q25_17,Q25_18,Q25_19,Q25_20,Q25_23,Q25_21,Q25_22,Q25_24,Q25_25,Q25_26,Q25_177,Q25_110,27,26,6,Q7_27,Q7_28,Q7_29,Q7_30,Q7_31,Q7_32,Q7_33,Q7_34,Q7_35,Q7_36,Q7_37,8,30,29,100,32,33,34,35,36,103,14
1,0,0,0,0,0,0,0,176,0,0,0,0,0,0,0,0,0,0,0,0,166,0,0,3803219,175,0,0,0,0,0,0,0,0,0,0,0,0,0,0,0,0,0,0,0,0,0,0,0,0,1,1,1,1,1,1,1,1,1,1,1
10,0,0,0,0,0,0,0,0,0,0,0,0,0,0,0,0,0,0,0,0,0,0,0,5803444,175,0,0,0,0,0,0,0,0,0,0,0,0,0,0,0,0,0,0,0,0,0,0,0,0,1,1,1,1,1,1,1,1,1,1,1
102,0,0,0,0,0,0,0,0,0,0,0,0,0,0,0,0,0,0,0,0,167,0,0,5804276,175,0,0,0,0,0,0,0,0,0,0,0,0,0,0,0,0,0,0,0,0,0,0,0,0,1,1,1,1,1,1,1,1,1,1,1
103,0,0,0,0,0,0,0,0,0,0,0,0,0,0,0,0,0,0,0,0,166,0,0,5804281,175,0,0,0,0,0,0,0,0,0,0,0,0,0,0,0,0,0,0,0,0,0,0,0,0,1,1,1,1,1,1,1,1,1,1,1
105,0,0,0,0,0,0,0,0,0,0,0,0,0,0,0,0,0,0,0,0,167,0,0,7804775,175,0,0,0,0,0,0,0,0,0,0,0,0,0,0,0,0,0,0,0,0,0,0,0,0,1,1,1,1,1,1,1,1,1,1,1
106,43,0,0,0,0,46,50,176,0,0,0,0,0,0,0,0,0,0,0,0,167,173,0,7804776,175,3229,09,ARIÈGE,09130,5,SUD OUEST,0,0,0,0,0,0,0,0,0,0,0,0,0,0,0,0,0,0,1,1,1,1,1,1,1,1,1,1,1
107,0,0,0,0,0,0,0,0,0,0,0,0,0,0,0,0,0,0,0,0,166,0,0,46538,175,0,0,0,0,0,0,0,0,0,0,0,0,0,0,0,0,0,0,0,0,0,0,0,0,1,1,1,1,1,1,1,1,1,1,1
108,43,0,0,0,0,46,50,176,0,0,0,0,0,0,0,0,0,0,0,0,167,173,0,7804777,175,6813,19,CORRÈZE,19170,5,SUD OUEST,0,0,0,0,0,0,0,0,0,0,0,0,0,0,0,0,0,0,1,1,1,1,1,1,1,1,1,1,1
1108,44,0,0,0,0,46,49,176,0,0,0,0,0,0,0,0,0,0,0,0,168,173,0,5804286,175,10758,28,EURE-ET-LOIR,28140,3,BP OUEST,0,0,0,0,0,0,0,0,0,0,0,0,0,0,0,0,0,0,1,1,1,1,1,1,1,1,1,1,1
1109,44,0,0,0,0,46,50,176,0,cfgb,68,89,77,75,81,43271,13,185,sdfg,0,166,173,42,7804961,175,31177,76,SEINE-MARITIME,76170,3,BP OUEST,-1,-1,0,0,1,0,0,0,0,0,0,0,0,1,0,0,0,0,1,1,1,1,1,1,1,1,1,1,1
1111,0,0,0,0,0,0,0,0,0,0,0,0,0,0,0,0,0,0,0,0,0,0,0,48671,175,0,0,0,0,0,0,0,0,0,0,0,0,0,0,0,0,0,0,0,0,0,0,0,0,1,1,1,1,1,1,1,1,1,1,1
1114,0,0,0,0,0,0,0,55,0,0,0,0,0,0,0,0,0,0,0,0,167,174,0,52588fg,175,0,0,0,0,0,0,0,0,0,0,0,0,0,0,0,0,0,0,0,0,0,0,0,0,1,1,1,1,1,1,1,1,1,1,1
11,0,0,0,0,0,0,0,0,0,0,0,0,0,0,0,0,0,0,0,0,0,0,0,5803447,175,0,0,0,0,0,0,0,0,0,0,0,0,0,0,0,0,0,0,0,0,0,0,0,0,1,1,1,1,1,1,1,1,1,1,1
1115,0,0,0,0,0,0,0,55,0,0,0,0,0,0,0,0,0,0,0,0,168,174,0,52589,175,0,0,0,0,0,0,0,0,0,0,0,0,0,0,0,0,0,0,0,0,0,0,0,0,1,1,1,1,1,1,1,1,1,1,1
1118,43,0,0,0,0,45,51,176,0,0,0,0,0,0,0,0,0,0,0,0,166,173,0,7805369,175,11918,31,HAUTE-GARONNE,31130,5,SUD OUEST,0,0,0,0,0,0,0,0,0,0,0,0,0,0,0,0,0,0,1,1,1,1,1,1,1,1,1,1,1
1119,44,0,0,0,0,47,51,176,0,0,0,0,0,0,0,0,0,0,0,0,168,174,0,7805370,175,35539,89,YONNE,89200,2,BP EST,0,0,0,0,0,0,0,0,0,0,0,0,0,0,0,0,0,0,1,1,1,1,1,1,1,1,1,1,1
1120,0,0,0,0,0,0,0,0,0,0,0,0,0,0,0,0,0,0,0,0,166,173,0,54302,175,0,0,0,0,0,0,0,0,0,0,0,0,0,0,0,0,0,0,0,0,0,0,0,0,1,1,1,1,1,1,1,1,1,1,1
1121,44,0,0,0,0,48,53,176,0,0,0,0,0,0,0,0,0,0,0,0,168,173,0,7805371,175,1936,06,ALPES-MARITIMES,06750,6,MEDITERRANEE,3,0,0,0,0,0,0,0,0,0,0,0,0,0,0,0,0,0,1,1,1,1,1,1,1,1,1,1,1
1122,43,0,0,0,0,46,51,176,0,0,0,0,0,0,0,0,15,187,0,0,166,173,0,7805375,175,261,01,AIN,01960,7,CENTRE EST,0,0,0,0,0,0,1,0,0,1,0,0,0,0,0,0,0,0,1,1,1,1,1,1,1,1,1,1,1
1123,43,0,0,0,0,46,50,176,0,0,0,0,0,0,0,0,NSP,0,0,0,168,173,0,7805376,175,11417,20,CORSE,20230,6,MEDITERRANEE,0,0,0,0,0,0,0,0,0,0,0,0,0,0,0,0,0,0,1,1,1,1,1,1,1,1,1,1,1
1124,44,0,0,0,0,47,50,176,0,e,0,0,0,0,0,0,13,188,d,0,166,173,NSP,55474,175,11417,20,CORSE,20230,6,MEDITERRANEE,0,0,0,0,1,0,0,0,0,0,0,0,0,0,0,1,0,0,1,1,1,1,1,1,1,1,1,1,1
1125,43,0,0,0,0,46,50,176,0,0,0,0,0,0,0,0,0,0,0,0,166,173,0,7805465,175,17109,44,LOIRE-ATLANTIQUE,44770,4,OUEST,3,0,0,0,0,0,0,0,0,0,0,0,0,0,0,0,0,0,1,1,1,1,1,1,1,1,1,1,1
1126,0,0,0,0,0,0,0,176,0,0,0,0,0,0,0,0,0,0,0,0,166,173,0,7805467,175,0,0,0,0,0,0,2,0,0,0,0,0,0,0,0,0,0,0,0,0,0,0,0,0,1,1,1,1,1,1,1,1,1,1,1
12,0,0,0,0,0,0,0,0,0,0,0,0,0,0,0,0,0,0,0,0,0,0,0,5803449,175,0,0,0,0,0,0,0,0,0,0,0,0,0,0,0,0,0,0,0,0,0,0,0,0,1,1,1,1,1,1,1,1,1,1,1
1127,0,0,0,0,0,0,0,0,0,0,0,0,0,0,0,0,0,0,0,0,0,0,0,0,0,0,0,0,0,0,0,0,0,0,0,0,0,0,0,0,0,0,0,0,0,0,0,0,0,1,1,1,1,1,1,1,1,1,1,1
1128,0,0,0,0,0,0,0,0,0,0,0,0,0,0,0,0,0,0,0,0,167,0,0,7805469,175,0,0,0,0,0,0,-1,-1,0,0,0,0,0,0,0,0,0,0,0,0,0,0,0,0,1,1,1,1,1,1,1,1,1,1,1
1129,43,0,0,0,0,46,51,176,0,0,68,NSP,NSP,71,71,43376,0,0,aa,0,168,173,NSP,7805470,175,0,0,0,0,0,0,9,3,0,0,0,0,0,0,0,0,0,0,0,0,0,0,0,0,1,1,1,1,1,1,1,1,1,1,1
1130,0,0,0,0,0,0,0,0,0,0,0,0,0,0,0,0,0,0,0,0,168,173,0,7805473,175,0,0,0,0,0,0,9,3,0,0,0,0,0,0,0,0,0,0,0,0,0,0,0,0,1,1,1,1,1,1,1,1,1,1,1
1131,0,0,0,0,0,0,0,0,0,0,0,0,0,0,0,0,0,0,0,0,166,0,0,7805475,175,0,0,0,0,0,0,3,0,0,0,0,0,0,0,0,0,0,0,0,0,0,0,0,0,1,1,1,1,1,1,1,1,1,1,1
1132,44,0,0,0,0,46,53,176,0,0,0,0,0,0,0,0,0,0,0,0,167,173,0,55596,175,11918,31,HAUTE-GARONNE,31130,5,SUD OUEST,-1,-1,0,0,0,0,0,0,0,0,0,0,0,0,0,0,0,0,1,1,1,1,1,1,1,1,1,1,1
1133,44,0,0,0,0,48,50,176,0,0,0,0,0,0,0,0,20,0,0,0,166,174,0,7805481,175,0,0,0,0,0,0,9,0,0,0,0,0,0,0,0,0,1,1,0,0,0,0,0,0,1,1,1,1,1,1,1,1,1,1,1
1134,44,0,0,0,0,46,51,176,0,test,64,82,73,75,76,43346,21,181,test,0,166,174,40,7805482,175,23375,59,NORD,59000,1,NORD,-1,-1,0,0,0,1,0,0,0,0,0,0,0,1,0,0,0,0,1,1,1,1,1,1,1,1,1,1,1
1135,43,0,0,0,0,47,52,55,0,0,0,0,0,0,0,0,0,0,0,0,166,173,0,57646,175,0,0,0,0,0,0,0,0,0,0,0,0,0,0,0,0,0,0,0,0,0,0,0,0,1,1,1,1,1,1,1,1,1,1,1
1136,43,0,0,0,0,46,49,176,0,0,0,0,0,0,0,0,0,0,0,0,167,173,0,7805566,175,6813,19,CORRÈZE,19170,5,SUD OUEST,-1,-1,0,0,0,0,0,0,0,0,0,0,0,0,0,0,0,0,1,1,1,1,1,1,1,1,1,1,1
13,0,0,0,0,0,0,0,0,0,0,0,0,0,0,0,0,0,0,0,0,0,0,0,5803450,175,0,0,0,0,0,0,0,0,0,0,0,0,0,0,0,0,0,0,0,0,0,0,0,0,1,1,1,1,1,1,1,1,1,1,1
1137,0,0,0,0,0,0,0,0,0,0,0,0,0,0,0,0,0,0,0,0,167,0,0,758,0,0,0,0,0,0,0,-1,-1,0,0,0,0,0,0,0,0,0,0,0,0,0,0,0,0,1,1,1,1,1,1,1,1,1,1,1
1138,0,0,0,0,0,0,0,0,0,0,0,0,0,0,0,0,0,0,0,0,167,0,0,63439,175,0,0,0,0,0,0,0,0,0,0,0,0,0,0,0,0,0,0,0,0,0,0,0,0,1,1,1,1,1,1,1,1,1,1,1
1139,44,0,0,0,0,46,51,176,0,0,0,0,0,0,0,0,13,0,0,0,167,173,0,8805674,175,14616,37,INDRE-ET-LOIRE,37550,3,BP OUEST,-1,-1,0,0,1,0,0,0,1,0,0,0,0,0,0,0,0,0,1,1,1,1,1,1,1,1,1,1,1
1140,0,0,0,0,0,0,0,0,0,0,0,0,0,0,0,0,0,0,0,0,167,0,0,14,0,0,0,0,0,0,0,-1,-1,0,0,0,0,0,0,0,0,0,0,0,0,0,0,0,0,1,1,1,1,1,1,1,1,1,1,1
1141,43,0,0,0,0,46,51,176,0,0,0,0,0,0,0,0,23,0,0,0,166,173,0,8805678,175,17109,44,LOIRE-ATLANTIQUE,44770,4,OUEST,-1,-1,0,0,0,0,1,0,0,0,0,0,0,0,1,0,0,0,1,1,1,1,1,1,1,1,1,1,1
1142,0,0,0,0,0,0,0,0,0,0,0,0,0,0,0,0,0,0,0,0,166,0,0,13,0,0,0,0,0,0,0,-1,-1,0,0,0,0,0,0,0,0,0,0,0,0,0,0,0,0,1,1,1,1,1,1,1,1,1,1,1
1143,0,0,0,0,0,0,0,176,0,0,0,0,0,0,0,0,0,0,0,0,166,173,0,8805687,175,0,0,0,0,0,0,-1,-1,0,0,0,0,0,0,0,0,0,0,0,0,0,0,0,0,1,1,1,1,1,1,1,1,1,1,1
1144,0,0,0,0,0,0,0,0,0,0,0,0,0,0,0,0,0,0,0,0,166,0,0,28,0,0,0,0,0,0,0,-1,-1,0,0,0,0,0,0,0,0,0,0,0,0,0,0,0,0,1,1,1,1,1,1,1,1,1,1,1
1145,NSP,0,0,0,0,0,0,55,0,0,0,0,0,0,0,0,0,0,0,0,167,0,0,2,0,0,0,0,0,0,0,0,0,0,0,0,0,0,0,0,0,0,0,0,0,0,0,0,0,1,1,1,1,1,1,1,1,1,1,1
1146,43,0,0,0,0,45,53,176,0,0,0,0,0,0,0,0,0,0,0,0,166,173,0,8806040,175,261,01,AIN,01960,7,CENTRE EST,-1,-1,0,0,0,0,0,0,0,0,0,0,0,0,0,0,0,0,1,1,1,1,1,1,1,1,1,1,1
14,0,0,0,0,0,0,0,0,0,0,0,0,0,0,0,0,0,0,0,0,0,0,0,5803451,175,0,0,0,0,0,0,0,0,0,0,0,0,0,0,0,0,0,0,0,0,0,0,0,0,1,1,1,1,1,1,1,1,1,1,1
1147,0,0,0,0,0,0,0,0,0,0,0,0,0,0,0,0,0,0,0,0,166,0,0,34,0,0,0,0,0,0,0,-1,-1,0,0,0,0,0,0,0,0,0,0,0,0,0,0,0,0,1,1,1,1,1,1,1,1,1,1,1
1148,0,0,0,0,0,0,0,0,0,0,0,0,0,0,0,0,0,0,0,0,166,0,0,40,0,0,0,0,0,0,0,-1,-1,0,0,0,0,0,0,0,0,0,0,0,0,0,0,0,0,1,1,1,1,1,1,1,1,1,1,1
1149,0,0,0,0,0,0,0,176,0,0,0,0,0,0,0,0,0,0,0,0,166,0,0,8805680,175,0,0,0,0,0,0,3,0,0,0,0,0,0,0,0,0,0,0,0,0,0,0,0,0,1,1,1,1,1,1,1,1,1,1,1
1150,0,0,0,0,0,0,0,176,0,0,0,0,0,0,0,0,0,0,0,0,166,173,0,8806042,175,0,0,0,0,0,0,9,0,0,0,0,0,0,0,0,0,0,0,0,0,0,0,0,0,1,1,1,1,1,1,1,1,1,1,1
1151,43,0,0,0,0,46,52,176,0,0,0,0,0,0,0,0,0,0,0,0,166,173,0,8805688,175,13237,33,GIRONDE,33600,5,SUD OUEST,3,0,0,0,0,0,0,0,0,0,0,0,0,0,0,0,0,0,1,1,1,1,1,1,1,1,1,1,1
1152,44,0,0,0,0,48,51,176,0,0,66,77,71,74,76,43615,25,186,d,0,167,173,40,7805469,175,13596,34,HÉRAULT,34970,6,MEDITERRANEE,3,0,0,0,0,0,0,0,0,0,0,0,0,0,0,0,0,0,1,1,1,1,1,1,1,1,1,1,1
1153,0,0,0,0,0,0,0,0,0,0,0,0,0,0,0,0,0,0,0,0,168,0,0,9,0,0,0,0,0,0,0,-1,-1,0,0,0,0,0,0,0,0,0,0,0,0,0,0,0,0,1,1,1,1,1,1,1,1,1,1,1
1154,43,0,0,0,0,46,50,56,0,0,0,0,0,0,0,0,0,0,0,0,166,173,0,74194,175,0,0,0,0,0,0,0,0,0,0,0,0,0,0,0,0,0,0,0,0,0,0,0,0,1,1,1,1,1,1,1,1,1,1,1
1155,44,0,0,0,0,46,49,176,0,0,0,0,0,0,0,0,0,0,0,0,166,173,0,8806052,175,0,0,0,0,0,0,-1,-1,0,0,0,0,0,0,0,0,0,0,0,0,0,0,0,0,1,1,1,1,1,1,1,1,1,1,1
1156,0,0,0,0,0,0,0,176,0,0,0,0,0,0,0,0,0,0,0,0,166,173,0,8805687,175,0,0,0,0,0,0,7,1,0,0,0,0,0,0,0,0,0,0,0,0,0,0,0,0,1,1,1,1,1,1,1,1,1,1,1
15,0,0,0,0,0,0,0,0,0,0,0,0,0,0,0,0,0,0,0,0,166,0,0,5803454,175,0,0,0,0,0,0,0,0,0,0,0,0,0,0,0,0,0,0,0,0,0,0,0,0,1,1,1,1,1,1,1,1,1,1,1
1157,44,0,0,0,0,46,51,55,0,0,0,0,0,0,0,0,0,0,0,0,166,173,0,74196,175,3804,11,AUDE,11510,6,MEDITERRANEE,0,0,0,0,0,0,0,0,0,0,0,0,0,0,0,0,0,0,1,1,1,1,1,1,1,1,1,1,1
1158,43,0,0,0,0,47,51,56,0,0,0,0,0,0,0,0,0,0,0,0,166,173,0,74195,175,0,0,0,0,0,0,0,0,0,0,0,0,0,0,0,0,0,0,0,0,0,0,0,0,1,1,1,1,1,1,1,1,1,1,1
1159,43,0,0,0,0,46,51,176,0,0,0,0,0,0,0,0,0,0,0,0,168,173,0,8806078,175,27427,66,PYRÉNÉES-ORIENTALES,66600,6,MEDITERRANEE,-1,-1,0,0,0,0,0,0,0,0,0,0,0,0,0,0,0,0,1,1,1,1,1,1,1,1,1,1,1
1160,44,0,0,0,0,46,50,176,0,0,0,0,0,0,0,0,0,0,0,0,168,173,0,7805473,175,10758,28,EURE-ET-LOIR,28140,3,BP OUEST,2,0,0,0,0,0,0,0,0,0,0,0,0,0,0,0,0,0,1,1,1,1,1,1,1,1,1,1,1
1161,44,0,0,0,0,46,50,176,0,0,0,0,0,0,0,0,0,0,0,0,168,174,0,8806080,175,11417,20,CORSE,20230,6,MEDITERRANEE,-1,-1,0,0,0,0,0,0,0,0,0,0,0,0,0,0,0,0,1,1,1,1,1,1,1,1,1,1,1
1162,43,0,0,0,0,46,50,176,0,0,0,0,0,0,0,0,20,0,0,0,166,174,0,7804777,175,6813,19,CORRÈZE,19170,5,SUD OUEST,-1,0,0,0,0,0,0,0,0,0,0,1,0,0,0,1,0,0,1,1,1,1,1,1,1,1,1,1,1
1163,44,0,0,0,0,46,51,176,0,0,0,0,0,0,0,0,0,0,0,0,166,173,0,8806082,175,0,0,0,0,0,0,-1,-1,0,0,0,0,0,0,0,0,0,0,0,0,0,0,0,0,1,1,1,1,1,1,1,1,1,1,1
1164,43,0,0,0,0,47,51,56,0,0,0,0,0,0,0,0,0,0,0,0,166,173,0,76057,175,0,0,0,0,0,0,0,0,0,0,0,0,0,0,0,0,0,0,0,0,0,0,0,0,1,1,1,1,1,1,1,1,1,1,1
1165,43,0,0,0,0,46,51,176,0,0,0,0,0,0,0,0,0,0,0,0,166,173,0,8805675,175,6813,19,CORR�ZE,19170,5,SUD OUEST,3,0,0,0,0,0,0,0,0,0,0,0,0,0,0,0,0,0,1,1,1,1,1,1,1,1,1,1,1
1166,44,0,0,0,0,47,50,176,0,0,0,0,0,0,0,0,0,0,0,0,166,173,0,8806084,175,1004,02,AISNE,02160,2,BP EST,3,0,0,0,0,0,0,0,0,0,0,0,0,0,0,0,0,0,1,1,1,1,1,1,1,1,1,1,1
16,0,0,0,0,0,0,0,0,0,0,0,0,0,0,0,0,0,0,0,0,0,0,0,16026,175,0,0,0,0,0,0,0,0,0,0,0,0,0,0,0,0,0,0,0,0,0,0,0,0,1,1,1,1,1,1,1,1,1,1,1
1167,0,0,0,0,0,0,0,176,0,0,0,0,0,0,0,0,0,0,0,0,166,173,0,7805467,175,0,0,0,0,0,0,3,0,0,0,0,0,0,0,0,0,0,0,0,0,0,0,0,0,1,1,1,1,1,1,1,1,1,1,1
1168,43,0,0,0,0,47,51,176,0,0,0,0,0,0,0,0,24,186,wq,0,166,173,0,7804668,175,11417,20,CORSE,20230,6,MEDITERRANEE,-1,-1,0,0,0,0,0,0,0,0,0,0,0,0,0,0,0,0,1,1,1,1,1,1,1,1,1,1,1
1169,43,0,0,0,0,46,49,56,0,0,0,0,0,0,0,0,0,0,0,0,166,173,0,76167,175,0,0,0,0,0,0,0,0,0,0,0,0,0,0,0,0,0,0,0,0,0,0,0,0,1,1,1,1,1,1,1,1,1,1,1
1170,44,0,0,0,0,47,51,176,0,0,0,0,0,0,0,0,0,0,0,0,166,173,0,8806089,175,284,01,AIN,01370,7,CENTRE EST,-1,-1,0,0,0,0,0,0,0,0,0,0,0,0,0,0,0,0,1,1,1,1,1,1,1,1,1,1,1
1171,44,0,0,0,0,46,50,176,0,0,0,0,0,0,0,0,0,0,0,0,166,173,0,8806091,175,6813,19,CORR�ZE,19170,5,SUD OUEST,9,3,0,0,0,0,0,0,0,0,0,0,0,0,0,0,0,0,1,1,1,1,1,1,1,1,1,1,1
1172,44,0,0,0,0,48,51,176,0,0,0,0,0,0,0,0,0,0,0,0,166,173,0,8806179,175,0,0,0,0,0,0,-1,-1,0,0,0,0,0,0,0,0,0,0,0,0,0,0,0,0,1,1,1,1,1,1,1,1,1,1,1
1173,43,0,0,0,0,46,50,176,0,0,0,0,0,0,0,0,0,0,0,0,166,173,0,7804776,175,3229,09,ARIÈGE,09130,5,SUD OUEST,-1,-1,0,0,0,0,0,0,0,0,0,0,0,0,0,0,0,0,1,1,1,1,1,1,1,1,1,1,1
1174,44,0,0,0,0,47,49,176,0,rsg,64,87,83,72,72,43654,19,185,bd,0,166,173,39,8806182,175,23375,59,NORD,59000,1,NORD,-1,-1,0,0,0,0,1,0,0,0,0,0,0,0,1,0,0,0,1,1,1,1,1,1,1,1,1,1,1
1175,0,0,0,0,0,0,0,0,0,0,0,0,0,0,0,0,0,0,0,0,168,0,0,45,0,0,0,0,0,0,0,-1,-1,0,0,0,0,0,0,0,0,0,0,0,0,0,0,0,0,1,1,1,1,1,1,1,1,1,1,1
1176,0,0,0,0,0,0,0,0,0,0,0,0,0,0,0,0,0,0,0,0,166,173,0,79725,175,0,0,0,0,0,0,0,0,0,0,0,0,0,0,0,0,0,0,0,0,0,0,0,0,1,1,1,1,1,1,1,1,1,1,1
17,43,0,0,0,0,46,50,176,0,z,64,73,70,71,71,42893,24,185,0,0,168,173,39,5803538,175,260,01,AIN,01630,7,CENTRE EST,0,0,0,0,0,0,0,0,0,0,0,0,0,0,1,1,0,0,1,1,1,1,1,1,1,1,1,1,1
1177,43,0,0,0,0,47,50,176,0,0,0,0,0,0,0,0,0,0,0,0,166,173,0,8806280,175,11965,31,HAUTE-GARONNE,31150,5,SUD OUEST,-1,-1,0,0,0,0,0,0,0,0,0,0,0,0,0,0,0,0,1,1,1,1,1,1,1,1,1,1,1
1178,0,0,0,0,0,0,0,0,0,0,0,0,0,0,0,0,0,0,0,0,166,0,0,86267,175,0,0,0,0,0,0,0,0,0,0,0,0,0,0,0,0,0,0,0,0,0,0,0,0,1,1,1,1,1,1,1,1,1,1,1
1179,0,0,0,0,0,0,0,0,0,0,0,0,0,0,0,0,0,0,0,0,166,0,0,86269,175,0,0,0,0,0,0,0,0,0,0,0,0,0,0,0,0,0,0,0,0,0,0,0,0,1,1,1,1,1,1,1,1,1,1,1
1180,44,0,0,0,0,47,50,56,0,0,0,0,0,0,0,0,0,0,0,0,166,173,0,86268,175,262,01,AIN,01800,7,CENTRE EST,0,0,0,0,0,0,0,0,0,0,0,0,0,0,0,0,0,0,1,1,1,1,1,1,1,1,1,1,1
1181,44,0,0,0,0,48,51,176,0,0,0,0,0,0,0,0,0,0,0,0,166,173,0,8806281,175,260,01,AIN,01630,7,CENTRE EST,-1,-1,0,0,0,0,0,0,0,0,0,0,0,0,0,0,0,0,1,1,1,1,1,1,1,1,1,1,1
1182,43,0,0,0,0,48,51,176,0,0,0,0,0,0,0,0,13,0,0,0,166,173,0,8806282,175,17131,44,LOIRE-ATLANTIQUE,44360,4,OUEST,-1,-1,0,0,0,0,0,1,0,0,0,0,0,1,0,0,0,0,1,1,1,1,1,1,1,1,1,1,1
1183,43,0,0,0,0,46,50,176,0,0,0,0,0,0,0,0,0,0,0,0,166,173,0,8806283,175,18852,50,MANCHE,50100,3,BP OUEST,2,0,0,0,0,0,0,0,0,0,0,0,0,0,0,0,0,0,1,1,1,1,1,1,1,1,1,1,1
1184,43,0,0,0,0,46,50,176,0,0,0,0,0,0,0,0,0,0,0,0,166,173,0,8806285,175,6813,19,CORR�ZE,19170,5,SUD OUEST,2,0,0,0,0,0,0,0,0,0,0,0,0,0,0,0,0,0,1,1,1,1,1,1,1,1,1,1,1
1185,0,0,0,0,0,0,0,0,0,0,0,0,0,0,0,0,0,0,0,0,166,173,0,8806287,175,0,0,0,0,0,0,-1,-1,0,0,0,0,0,0,0,0,0,0,0,0,0,0,0,0,1,1,1,1,1,1,1,1,1,1,1
1186,44,0,0,0,0,46,53,55,0,Gg,64,76,78,79,79,43819,19,185,Rff,0,167,173,41,1,175,30670,74,HAUTE-SAVOIE,74300,7,CENTRE EST,0,0,0,0,0,0,0,0,0,0,1,0,0,0,0,0,0,0,1,1,1,1,1,1,1,1,1,1,1
18,0,0,0,0,0,0,0,176,0,0,0,0,0,0,0,0,0,0,0,0,167,173,0,5803539,175,0,0,0,0,0,0,0,0,0,0,0,0,0,0,0,0,0,0,0,0,0,0,0,0,1,1,1,1,1,1,1,1,1,1,1
1187,0,0,0,0,0,0,0,0,0,0,0,0,0,0,0,0,0,0,0,0,166,173,0,8806591,175,0,0,0,0,0,0,-1,-1,0,0,0,0,0,0,0,0,0,0,0,0,0,0,0,0,1,1,1,1,1,1,1,1,1,1,1
1188,0,0,0,0,0,0,0,0,0,0,0,0,0,0,0,0,0,0,0,0,166,0,0,8806592,175,0,0,0,0,0,0,-1,-1,0,0,0,0,0,0,0,0,0,0,0,0,0,0,0,0,1,1,1,1,1,1,1,1,1,1,1
1189,0,0,0,0,0,0,0,0,0,0,0,0,0,0,0,0,0,0,0,0,168,0,0,351,0,0,0,0,0,0,0,-1,-1,0,0,0,0,0,0,0,0,0,0,0,0,0,0,0,0,1,1,1,1,1,1,1,1,1,1,1
1190,0,0,0,0,0,0,0,0,0,0,0,0,0,0,0,0,0,0,0,0,167,0,0,20,0,0,0,0,0,0,0,-1,-1,0,0,0,0,0,0,0,0,0,0,0,0,0,0,0,0,1,1,1,1,1,1,1,1,1,1,1
1191,0,0,0,0,0,0,0,0,0,0,0,0,0,0,0,0,0,0,0,0,166,0,0,8806595,175,0,0,0,0,0,0,-1,-1,0,0,0,0,0,0,0,0,0,0,0,0,0,0,0,0,1,1,1,1,1,1,1,1,1,1,1
1192,0,0,0,0,0,0,0,0,0,0,0,0,0,0,0,0,0,0,0,0,168,0,0,30,0,0,0,0,0,0,0,-1,-1,0,0,0,0,0,0,0,0,0,0,0,0,0,0,0,0,1,1,1,1,1,1,1,1,1,1,1
1193,44,0,0,0,0,46,51,176,0,è-u,0,79,0,0,0,0,23,186,-è,0,166,173,NSP,8806685,175,18469,49,MAINE-ET-LOIRE,49280,4,OUEST,-1,-1,0,0,0,0,0,0,0,1,0,1,0,0,0,0,0,0,1,1,1,1,1,1,1,1,1,1,1
1194,0,0,0,0,0,0,0,0,0,0,0,0,0,0,0,0,0,0,0,0,168,0,0,890,0,0,0,0,0,0,0,-1,-1,0,0,0,0,0,0,0,0,0,0,0,0,0,0,0,0,1,1,1,1,1,1,1,1,1,1,1
1195,0,0,0,0,0,0,0,0,0,0,0,0,0,0,0,0,0,0,0,0,168,0,0,845,0,0,0,0,0,0,0,-1,-1,0,0,0,0,0,0,0,0,0,0,0,0,0,0,0,0,1,1,1,1,1,1,1,1,1,1,1
1196,0,0,0,0,0,0,0,0,0,0,0,0,0,0,0,0,0,0,0,0,168,0,0,934,0,0,0,0,0,0,0,-1,-1,0,0,0,0,0,0,0,0,0,0,0,0,0,0,0,0,1,1,1,1,1,1,1,1,1,1,1
19,44,0,0,0,0,47,51,176,0,0,0,0,0,0,0,0,0,0,0,0,166,174,0,5803540,175,0,0,0,0,0,0,0,0,0,0,0,0,0,0,0,0,0,0,0,0,0,0,0,0,1,1,1,1,1,1,1,1,1,1,1
1197,0,0,0,0,0,0,0,0,0,0,0,0,0,0,0,0,0,0,0,0,166,0,0,8806691,175,0,0,0,0,0,0,-1,-1,0,0,0,0,0,0,0,0,0,0,0,0,0,0,0,0,1,1,1,1,1,1,1,1,1,1,1
1198,44,0,192,0,0,47,51,56,0,0,66,77,0,0,0,44663,0,5,fhgxnhg,0,166,173,42,8806987,175,0,0,0,0,0,0,1,0,<p>Name:Askia</p><p>Region: 1</p>,0,0,0,0,0,0,0,0,0,0,0,0,0,0,0,1,1,1,1,1,1,1,1,1,1,1
1199,0,0,0,0,0,0,0,0,0,0,0,0,0,0,0,0,0,0,0,0,167,0,0,8,0,0,0,0,0,0,0,-1,-1,0,0,0,0,0,0,0,0,0,0,0,0,0,0,0,0,1,1,1,1,1,1,1,1,1,1,1
1200,0,0,0,0,0,0,0,176,0,0,0,0,0,0,0,0,0,0,0,0,166,174,0,8806990,175,0,0,0,0,0,0,3,0,0,0,0,0,0,0,0,0,0,0,0,0,0,0,0,0,1,1,1,1,1,1,1,1,1,1,1
1201,44,0,0,0,0,47,50,176,0,e,0,0,0,0,0,0,13,188,d,0,166,173,NSP,10,175,11417,20,CORSE,20230,6,MEDITERRANEE,9,3,0,0,1,0,0,0,0,0,0,0,0,0,0,1,0,0,1,1,1,1,1,1,1,1,1,1,1
1202,44,0,0,0,0,46,50,176,0,j'adore,0,0,0,0,0,0,24,180,0,0,166,173,0,8806993,175,261,01,AIN,01960,7,CENTRE EST,3,0,0,0,0,0,0,0,0,0,0,0,1,0,1,0,0,0,1,1,1,1,1,1,1,1,1,1,1
1203,NSP,0,0,0,0,0,0,176,0,0,0,0,0,0,0,0,0,0,0,0,166,173,0,8807089,175,0,0,0,0,0,0,-1,-1,0,0,0,0,0,0,0,0,0,0,0,0,0,0,0,0,1,1,1,1,1,1,1,1,1,1,1
1204,0,0,0,0,0,0,0,176,0,0,0,0,0,0,0,0,0,0,0,0,166,173,0,8807090,175,0,0,0,0,0,0,-1,-1,0,0,0,0,0,0,0,0,0,0,0,0,0,0,0,0,1,1,1,1,1,1,1,1,1,1,1
1205,44,0,0,0,0,47,50,176,0,0,68,86,NSP,78,78,43942,26,185,rdtfyughijooooo,0,166,173,42,8807091,175,262,01,AIN,01800,7,CENTRE EST,9,0,0,0,0,0,0,0,0,0,0,0,0,0,0,0,0,0,1,1,1,1,1,1,1,1,1,1,1
1206,44,0,0,0,0,48,51,176,0,0,0,0,0,0,0,0,0,0,0,0,166,174,0,8807092,175,0,0,0,0,0,0,-1,-1,0,0,0,0,0,0,0,0,0,0,0,0,0,0,0,0,1,1,1,1,1,1,1,1,1,1,1
2,NSP,0,0,0,0,0,0,176,0,0,0,0,0,0,0,0,0,0,0,0,168,173,0,3803220,175,0,0,0,0,0,0,0,0,0,0,0,0,0,0,0,0,0,0,0,0,0,0,0,0,1,1,1,1,1,1,1,1,1,1,1
20,0,0,0,0,0,0,0,0,0,0,0,0,0,0,0,0,0,0,0,0,167,0,0,5803543,175,0,0,0,0,0,0,0,0,0,0,0,0,0,0,0,0,0,0,0,0,0,0,0,0,1,1,1,1,1,1,1,1,1,1,1
1207,44,0,0,0,0,47,51,176,0,0,0,0,0,0,0,0,0,0,0,0,166,174,0,8807093,175,262,01,AIN,01800,7,CENTRE EST,4,0,0,0,0,0,0,0,0,0,0,0,0,0,0,0,0,0,1,1,1,1,1,1,1,1,1,1,1
1208,43,0,0,0,0,47,51,176,0,0,0,0,0,0,0,0,0,0,0,0,166,173,0,8807096,175,0,0,0,0,0,0,-1,-1,0,0,0,0,0,0,0,0,0,0,0,0,0,0,0,0,1,1,1,1,1,1,1,1,1,1,1
1209,44,0,0,0,0,46,50,176,0,0,0,0,0,0,0,0,0,0,0,0,166,173,0,8807097,175,262,01,AIN,01800,7,CENTRE EST,-1,-1,0,0,0,0,0,0,0,0,0,0,0,0,0,0,0,0,1,1,1,1,1,1,1,1,1,1,1
1210,43,0,0,0,0,48,50,176,0,0,0,0,0,0,0,0,0,0,0,0,166,173,0,8807099,175,262,01,AIN,01800,7,CENTRE EST,-1,-1,0,0,0,0,0,0,0,0,0,0,0,0,0,0,0,0,1,1,1,1,1,1,1,1,1,1,1
1211,0,0,0,0,0,0,0,0,0,0,0,0,0,0,0,0,0,0,0,0,166,0,0,8807100,175,0,0,0,0,0,0,9,0,0,0,0,0,0,0,0,0,0,0,0,0,0,0,0,0,1,1,1,1,1,1,1,1,1,1,1
1212,0,0,0,0,0,0,0,0,0,0,0,0,0,0,0,0,0,0,0,0,168,0,0,493,0,0,0,0,0,0,0,4,0,0,0,0,0,0,0,0,0,0,0,0,0,0,0,0,0,1,1,1,1,1,1,1,1,1,1,1
1213,0,0,0,0,0,0,0,176,0,0,0,0,0,0,0,0,0,0,0,0,166,173,0,8807103,175,0,0,0,0,0,0,-1,-1,0,0,0,0,0,0,0,0,0,0,0,0,0,0,0,0,1,1,1,1,1,1,1,1,1,1,1
1214,0,0,0,0,0,0,0,176,0,0,0,0,0,0,0,0,0,0,0,0,166,173,0,8807104,175,0,0,0,0,0,0,9,1,0,0,0,0,0,0,0,0,0,0,0,0,0,0,0,0,1,1,1,1,1,1,1,1,1,1,1
1215,0,0,0,0,0,0,0,0,0,0,0,0,0,0,0,0,0,0,0,0,167,0,0,122,0,0,0,0,0,0,0,-1,-1,0,0,0,0,0,0,0,0,0,0,0,0,0,0,0,0,1,1,1,1,1,1,1,1,1,1,1
1216,0,0,0,0,0,0,0,0,0,0,0,0,0,0,0,0,0,0,0,0,168,0,0,957,0,0,0,0,0,0,0,2,0,0,0,0,0,0,0,0,0,0,0,0,0,0,0,0,0,1,1,1,1,1,1,1,1,1,1,1
21,0,0,0,0,0,0,0,0,0,0,0,0,0,0,0,0,0,0,0,0,167,0,0,5803544,175,0,0,0,0,0,0,0,0,0,0,0,0,0,0,0,0,0,0,0,0,0,0,0,0,1,1,1,1,1,1,1,1,1,1,1
1217,43,0,0,0,0,46,52,176,0,0,0,0,0,0,0,0,0,0,0,0,166,173,0,8807112,175,6813,19,CORR�ZE,19170,5,SUD OUEST,-1,-1,0,0,0,0,0,0,0,0,0,0,0,0,0,0,0,0,1,1,1,1,1,1,1,1,1,1,1
1218,NSP,0,0,0,0,0,0,176,0,0,0,0,0,0,0,0,0,0,0,0,166,174,0,8807113,175,0,0,0,0,0,0,2,0,0,0,0,0,0,0,0,0,0,0,0,0,0,0,0,0,1,1,1,1,1,1,1,1,1,1,1
1219,0,0,0,0,0,0,0,176,0,0,0,0,0,0,0,0,0,0,0,0,166,173,0,8807118,175,0,0,0,0,0,0,-1,-1,0,0,0,0,0,0,0,0,0,0,0,0,0,0,0,0,1,1,1,1,1,1,1,1,1,1,1
1220,0,0,0,0,0,0,0,0,0,0,0,0,0,0,0,0,0,0,0,0,168,0,0,668,0,0,0,0,0,0,0,3,0,0,0,0,0,0,0,0,0,0,0,0,0,0,0,0,0,1,1,1,1,1,1,1,1,1,1,1
1221,43,0,0,0,0,46,51,176,0,saefzegsdgvsdbfsb,65,84,71,74,74,44020,24,8,bdfbdfbdfbdfb,0,166,173,42,107422,175,19298,50,MANCHE,50800,3,BP OUEST,2,0,0,0,0,0,0,0,0,0,0,0,0,1,1,0,0,0,1,1,1,1,1,1,1,1,1,1,1
1222,0,0,0,0,0,0,0,0,0,0,0,0,0,0,0,0,0,0,0,0,166,0,0,7,0,0,0,0,0,0,0,-1,-1,0,0,0,0,0,0,0,0,0,0,0,0,0,0,0,0,1,1,1,1,1,1,1,1,1,1,1
1223,43,0,0,0,0,46,49,176,0,0,0,0,0,0,0,0,0,0,0,0,166,173,0,8806687,175,36286,92,HAUTS-DE-SEINE,92000,9,REGION PARISIENNE,3,0,0,0,0,0,0,0,0,0,0,0,0,0,0,0,0,0,1,1,1,1,1,1,1,1,1,1,1
1224,NSP,0,0,0,0,NSP,NSP,176,0,0,0,0,0,0,0,0,0,0,0,0,166,174,0,8806688,175,0,0,0,0,0,0,3,0,0,0,0,0,0,0,0,0,0,0,0,0,0,0,0,0,1,1,1,1,1,1,1,1,1,1,1
1225,44,0,0,0,0,45,49,176,0,0,0,0,0,0,0,0,0,0,0,0,166,173,0,8807398,175,261,01,AIN,01960,7,CENTRE EST,-1,-1,0,0,0,0,0,0,0,0,0,0,0,0,0,0,0,0,1,1,1,1,1,1,1,1,1,1,1
1226,43,0,0,0,0,46,52,55,0,"l*
L*",67,71,73,79,73,44035,13,182,"l*
*",0,166,173,NSP,8807493,175,21988,56,MORBIHAN,56470,4,OUEST,-1,-1,0,0,0,0,0,0,0,1,0,0,0,0,0,1,0,0,1,1,1,1,1,1,1,1,1,1,1
22,0,0,0,0,0,0,0,0,0,0,0,0,0,0,0,0,0,0,0,0,167,0,0,5803545,175,0,0,0,0,0,0,0,0,0,0,0,0,0,0,0,0,0,0,0,0,0,0,0,0,1,1,1,1,1,1,1,1,1,1,1
1227,43,0,0,0,0,46,49,176,0,djg,68,78,71,0,0,0,13,182,djg,0,166,174,41,8807494,175,21988,56,MORBIHAN,56470,4,OUEST,9,3,0,0,1,0,0,0,0,0,0,0,0,0,0,0,0,1,1,1,1,1,1,1,1,1,1,1,1
1228,43,0,0,0,0,47,52,56,0,0,0,0,0,0,0,0,0,0,0,0,166,173,0,107425,175,0,0,0,0,0,0,0,0,0,0,0,0,0,0,0,0,0,0,0,0,0,0,0,0,1,1,1,1,1,1,1,1,1,1,1
1229,44,0,0,0,0,45,49,176,0,0,0,0,0,0,0,0,0,0,0,0,166,173,0,8807499,175,23375,59,NORD,59000,1,NORD,3,0,0,0,0,0,0,0,0,0,0,0,0,0,0,0,0,0,1,1,1,1,1,1,1,1,1,1,1
1230,0,0,0,0,0,0,0,176,0,0,0,0,0,0,0,0,0,0,0,0,166,173,0,8806183,175,0,0,0,0,0,0,2,0,0,0,0,0,0,0,0,0,0,0,0,0,0,0,0,0,1,1,1,1,1,1,1,1,1,1,1
1231,43,0,0,0,0,45,49,176,0,"nbc,hjhcfj",0,82,73,74,0,0,21,179,kjjlgjk,0,166,174,40,8807594,175,5460,15,CANTAL,15400,7,CENTRE EST,-1,-1,0,0,0,0,0,0,0,1,0,0,1,0,0,0,0,0,1,1,1,1,1,1,1,1,1,1,1
1232,43,0,0,0,0,46,49,55,0,0,65,82,71,73,71,44018,0,0,zd,0,166,173,39,108656,175,262,01,AIN,01800,7,CENTRE EST,0,0,0,0,0,0,0,0,0,0,0,0,0,0,0,0,0,0,1,1,1,1,1,1,1,1,1,1,1
1233,44,0,0,0,0,47,50,56,0,s,68,83,72,73,72,44032,22,181,s,0,166,174,39,108657,175,2935,09,ARI�GE,09700,5,SUD OUEST,0,0,0,0,0,0,0,0,0,0,0,0,0,1,1,0,0,0,1,1,1,1,1,1,1,1,1,1,1
1234,43,0,192,0,0,45,49,56,0,fxgjcg,68,88,73,71,88,44674,18,5,xjgh,0,166,174,42,8807399,175,17201,45,LOIRET,45410,3,BP OUEST,3,0,<p>Name:Orange</p><p>Region: 3</p>,0,0,0,0,0,0,0,1,0,1,0,0,0,0,0,1,1,1,1,1,1,1,1,1,1,1
1235,44,0,0,0,0,46,49,56,0,",vh,vn;",0,0,0,0,0,0,13,186,0,0,166,174,0,110730,175,23037,59,NORD,59310,1,NORD,0,0,0,0,0,0,0,0,1,0,0,0,1,0,0,0,0,0,1,1,1,1,1,1,1,1,1,1,1
1236,44,0,0,0,0,47,51,55,0,0,0,0,0,0,0,0,0,0,0,0,166,173,0,110920,175,10157,27,EURE,27480,3,BP OUEST,0,0,0,0,0,0,0,0,0,0,0,0,0,0,0,0,0,0,1,1,1,1,1,1,1,1,1,1,1
23,0,0,0,0,0,0,0,176,0,0,0,0,0,0,0,0,0,0,0,0,167,173,0,5803546,175,0,0,0,0,0,0,0,0,0,0,0,0,0,0,0,0,0,0,0,0,0,0,0,0,1,1,1,1,1,1,1,1,1,1,1
1237,0,0,0,0,0,0,0,0,0,0,0,0,0,0,0,0,0,0,0,0,166,173,0,111163,175,0,0,0,0,0,0,0,0,0,0,0,0,0,0,0,0,0,0,0,0,0,0,0,0,1,1,1,1,1,1,1,1,1,1,1
1238,43,0,0,0,0,46,50,176,0,0,0,0,0,0,0,0,0,0,0,0,166,174,0,9807864,175,6813,19,CORR�ZE,19170,5,SUD OUEST,2,0,0,0,0,0,0,0,0,0,0,0,0,0,0,0,0,0,1,1,1,1,1,1,1,1,1,1,1
1239,0,0,0,0,0,0,0,0,0,0,0,0,0,0,0,0,0,0,0,0,168,0,0,199,0,0,0,0,0,0,0,3,0,0,0,0,0,0,0,0,0,0,0,0,0,0,0,0,0,1,1,1,1,1,1,1,1,1,1,1
1240,0,0,0,0,0,0,0,0,0,0,0,0,0,0,0,0,0,0,0,0,168,0,0,780,0,0,0,0,0,0,0,-1,-1,0,0,0,0,0,0,0,0,0,0,0,0,0,0,0,0,1,1,1,1,1,1,1,1,1,1,1
1241,0,0,0,0,0,0,0,0,0,0,0,0,0,0,0,0,0,0,0,0,168,0,0,486,0,0,0,0,0,0,0,3,0,0,0,0,0,0,0,0,0,0,0,0,0,0,0,0,0,1,1,1,1,1,1,1,1,1,1,1
1242,0,0,0,0,0,0,0,0,0,0,0,0,0,0,0,0,0,0,0,0,168,0,0,649,0,0,0,0,0,0,0,-1,-1,0,0,0,0,0,0,0,0,0,0,0,0,0,0,0,0,1,1,1,1,1,1,1,1,1,1,1
1243,0,0,0,0,0,0,0,0,0,0,0,0,0,0,0,0,0,0,0,0,168,0,0,407,0,0,0,0,0,0,0,4,0,0,0,0,0,0,0,0,0,0,0,0,0,0,0,0,0,1,1,1,1,1,1,1,1,1,1,1
1244,0,0,0,0,0,0,0,55,0,0,0,0,0,0,0,0,0,0,0,0,166,173,0,113030,175,0,0,0,0,0,0,-1,0,0,0,0,0,0,0,0,0,0,0,0,0,0,0,0,0,1,1,1,1,1,1,1,1,1,1,1
1245,43,0,0,0,0,45,49,176,0,0,0,0,0,0,0,0,0,0,0,0,166,173,0,9808056,175,0,0,0,0,0,0,-1,0,0,0,0,0,0,0,0,0,0,0,0,0,0,0,0,0,1,1,1,1,1,1,1,1,1,1,1
1246,43,0,0,0,0,45,49,176,0,0,0,0,0,0,0,0,0,0,0,0,166,174,0,9808057,175,0,0,0,0,0,0,-1,0,0,0,0,0,0,0,0,0,0,0,0,0,0,0,0,0,1,1,1,1,1,1,1,1,1,1,1
24,0,0,0,0,0,0,0,55,0,0,0,0,0,0,0,0,0,0,0,0,167,174,0,16664,175,0,0,0,0,0,0,0,0,0,0,0,0,0,0,0,0,0,0,0,0,0,0,0,0,1,1,1,1,1,1,1,1,1,1,1
1247,43,0,192,0,0,46,50,56,0,0,0,0,0,0,0,0,24,0,0,0,166,174,0,9808059,175,23034,59,NORD,59265,1,NORD,1,0,<p>Name:Askia</p><p>Region: 1</p>,0,1,0,0,0,0,0,0,0,0,0,0,1,0,0,1,1,1,1,1,1,1,1,1,1,1
1248,43,0,0,0,0,46,52,176,0,0,0,0,0,0,0,0,0,0,0,0,166,174,0,9808157,175,0,0,0,0,0,0,-1,0,0,0,0,0,0,0,0,0,0,0,0,0,0,0,0,0,1,1,1,1,1,1,1,1,1,1,1
1249,0,0,0,0,0,0,0,176,0,0,0,0,0,0,0,0,0,0,0,0,166,173,0,9808236,175,0,0,0,0,0,0,9,0,0,0,0,0,0,0,0,0,0,0,0,0,0,0,0,0,1,1,1,1,1,1,1,1,1,1,1
1250,43,0,192,0,0,46,50,176,0,0,NSP,0,0,0,0,0,0,0,"grrr
",0,166,173,41,7804760,175,32963,80,SOMME,80260,2,BP EST,-1,-1,<p>Name:Gray</p><p>Region: 1</p>,0,0,0,0,0,0,0,0,0,0,0,0,0,0,0,1,1,1,1,1,1,1,1,1,1,1
1251,43,0,0,0,0,45,50,176,0,askia,0,0,0,0,0,0,26,4,0,0,166,173,0,7804669,175,16656,42,LOIRE,42170,7,CENTRE EST,9,0,0,0,0,1,0,0,0,0,0,1,0,0,0,0,0,0,1,1,1,1,1,1,1,1,1,1,1
1252,0,0,0,0,0,0,0,0,0,0,0,0,0,0,0,0,0,0,0,0,168,0,0,3,0,0,0,0,0,0,0,3,0,0,0,0,0,0,0,0,0,0,0,0,0,0,0,0,0,1,1,1,1,1,1,1,1,1,1,1
1253,0,0,0,0,0,0,0,0,0,0,0,0,0,0,0,0,0,0,0,0,168,0,0,537,0,0,0,0,0,0,0,-1,-1,0,0,0,0,0,0,0,0,0,0,0,0,0,0,0,0,1,1,1,1,1,1,1,1,1,1,1
1254,0,0,0,0,0,0,0,0,0,0,0,0,0,0,0,0,0,0,0,0,168,0,0,887,0,0,0,0,0,0,0,3,0,0,0,0,0,0,0,0,0,0,0,0,0,0,0,0,0,1,1,1,1,1,1,1,1,1,1,1
1255,0,0,0,0,0,0,0,0,0,0,0,0,0,0,0,0,0,0,0,0,168,0,0,957,0,0,0,0,0,0,0,2,0,0,0,0,0,0,0,0,0,0,0,0,0,0,0,0,0,1,1,1,1,1,1,1,1,1,1,1
1256,0,0,0,0,0,0,0,0,0,0,0,0,0,0,0,0,0,0,0,0,166,0,0,115832,175,0,0,0,0,0,0,0,0,0,0,0,0,0,0,0,0,0,0,0,0,0,0,0,0,1,1,1,1,1,1,1,1,1,1,1
25,NSP,0,0,0,0,0,0,176,0,0,0,0,0,0,0,0,0,0,0,0,167,173,0,5803547,175,0,0,0,0,0,0,0,0,0,0,0,0,0,0,0,0,0,0,0,0,0,0,0,0,1,1,1,1,1,1,1,1,1,1,1
1257,43,0,0,0,0,47,51,176,0,yrjyrjty,65,90,NSP,74,74,44207,24,184,ytjhytrj,0,166,173,42,9808620,175,10758,28,EURE-ET-LOIR,28140,3,BP OUEST,-1,-1,0,0,0,0,0,0,0,0,0,0,1,0,1,0,0,0,1,1,1,1,1,1,1,1,1,1,1
1258,0,0,0,0,0,0,0,0,0,0,0,0,0,0,0,0,0,0,0,0,168,0,0,398,0,0,0,0,0,0,0,-1,-1,0,0,0,0,0,0,0,0,0,0,0,0,0,0,0,0,1,1,1,1,1,1,1,1,1,1,1
1259,43,0,0,0,0,46,50,176,0,0,0,0,0,0,0,0,0,0,profacts!,0,166,173,0,9808675,175,0,0,0,0,0,0,-1,0,0,0,0,0,0,0,0,0,0,0,0,0,0,0,0,0,1,1,1,1,1,1,1,1,1,1,1
1260,43,0,0,0,0,46,52,55,0,0,0,0,0,0,0,0,0,0,0,0,166,174,0,117714,175,0,0,0,0,0,0,0,0,0,0,0,0,0,0,0,0,0,0,0,0,0,0,0,0,1,1,1,1,1,1,1,1,1,1,1
1261,0,0,0,0,0,0,0,0,0,0,0,0,0,0,0,0,0,0,0,0,166,0,0,118734,175,0,0,0,0,0,0,0,0,0,0,0,0,0,0,0,0,0,0,0,0,0,0,0,0,1,1,1,1,1,1,1,1,1,1,1
1262,43,0,0,0,0,46,50,176,0,0,0,0,0,0,0,0,0,0,0,0,166,174,0,9808792,175,0,0,0,0,0,0,9,0,0,0,0,0,0,0,0,0,0,0,0,0,0,0,0,0,1,1,1,1,1,1,1,1,1,1,1
1263,0,0,0,0,0,0,0,176,0,0,0,0,0,0,0,0,0,0,0,0,166,174,0,9808798,175,0,0,0,0,0,0,2,0,0,0,0,0,0,0,0,0,0,0,0,0,0,0,0,0,1,1,1,1,1,1,1,1,1,1,1
1264,0,0,0,0,0,0,0,0,0,0,0,0,0,0,0,0,0,0,0,0,168,0,0,196,0,0,0,0,0,0,0,-1,-1,0,0,0,0,0,0,0,0,0,0,0,0,0,0,0,0,1,1,1,1,1,1,1,1,1,1,1
1265,44,0,0,0,0,47,50,176,0,0,0,0,0,0,0,0,0,0,0,0,166,173,0,9808801,175,11417,20,CORSE,20230,6,MEDITERRANEE,-1,0,0,0,0,0,0,0,0,0,0,0,0,0,0,0,0,0,1,1,1,1,1,1,1,1,1,1,1
1266,0,0,0,0,0,0,0,0,0,0,0,0,0,0,0,0,0,0,0,0,166,0,0,121261,175,0,0,0,0,0,0,0,0,0,0,0,0,0,0,0,0,0,0,0,0,0,0,0,0,1,1,1,1,1,1,1,1,1,1,1
26,44,0,0,0,0,45,49,176,0,0,0,0,0,0,0,0,0,0,0,0,167,173,0,5803843,175,262,01,AIN,01800,7,CENTRE EST,0,0,0,0,0,0,0,0,0,0,0,0,0,0,0,0,0,0,1,1,1,1,1,1,1,1,1,1,1
1267,0,0,0,0,0,0,0,176,0,0,0,0,0,0,0,0,0,0,0,0,166,174,0,9808965,175,0,0,0,0,0,0,-1,-1,0,0,0,0,0,0,0,0,0,0,0,0,0,0,0,0,1,1,1,1,1,1,1,1,1,1,1
1268,43,0,192,fgciy,0,47,50,176,0,0,0,0,0,0,0,0,19,0,0,0,166,173,0,7804665,175,262,01,AIN,01800,7,CENTRE EST,-1,-1,<p>Name:Askia</p><p>Region: 1</p>,0,0,0,0,1,0,1,0,0,0,0,0,0,0,0,1,1,1,1,1,1,1,1,1,1,1
1269,44,0,0,0,0,46,49,176,0,0,0,0,0,0,0,0,NSP,0,0,0,166,174,0,9809066,175,262,01,AIN,01800,7,CENTRE EST,-1,-1,0,0,0,0,0,0,0,0,0,0,0,0,0,0,0,0,1,1,1,1,1,1,1,1,1,1,1
1270,43,0,0,0,0,46,50,176,0,0,0,0,0,0,0,0,0,0,0,0,166,174,0,9809067,175,11309,20,CORSE,20250,6,MEDITERRANEE,-1,-1,0,0,0,0,0,0,0,0,0,0,0,0,0,0,0,0,1,1,1,1,1,1,1,1,1,1,1
1271,0,0,0,0,0,0,0,0,0,0,0,0,0,0,0,0,0,0,0,0,168,0,0,531,0,0,0,0,0,0,0,-1,-1,0,0,0,0,0,0,0,0,0,0,0,0,0,0,0,0,1,1,1,1,1,1,1,1,1,1,1
1272,0,0,0,0,0,0,0,56,0,0,0,0,0,0,0,0,0,0,0,0,166,173,0,123664,175,0,0,0,0,0,0,0,0,0,0,0,0,0,0,0,0,0,0,0,0,0,0,0,0,1,1,1,1,1,1,1,1,1,1,1
1273,0,0,0,0,0,0,0,0,0,0,0,0,0,0,0,0,0,0,0,0,166,0,0,123667,175,0,0,0,0,0,0,0,0,0,0,0,0,0,0,0,0,0,0,0,0,0,0,0,0,1,1,1,1,1,1,1,1,1,1,1
1274,44,0,0,0,0,46,49,176,0,0,0,0,0,0,0,0,NSP,0,0,0,166,174,0,9809370,175,0,0,0,0,0,0,-1,-1,0,0,0,0,0,0,0,0,0,0,0,0,0,0,0,0,1,1,1,1,1,1,1,1,1,1,1
1275,43,0,0,0,0,47,49,176,0,0,0,0,0,0,0,0,0,0,0,0,166,174,0,9809371,175,0,0,0,0,0,0,-1,-1,0,0,0,0,0,0,0,0,0,0,0,0,0,0,0,0,1,1,1,1,1,1,1,1,1,1,1
1276,43,0,0,0,0,46,49,176,0,0,0,0,0,0,0,0,0,0,0,0,166,173,0,10809505,175,16184,41,LOIR-ET-CHER,41360,3,BP OUEST,-1,-1,0,0,0,0,0,0,0,0,0,0,0,0,0,0,0,0,1,1,1,1,1,1,1,1,1,1,1
27,43,0,0,0,0,46,49,176,0,0,0,0,0,0,0,0,0,0,0,0,166,173,0,5803844,175,262,01,AIN,01800,7,CENTRE EST,0,0,0,0,0,0,0,0,0,0,0,0,0,0,0,0,0,0,1,1,1,1,1,1,1,1,1,1,1
1277,43,0,0,0,0,46,50,176,0,evt,0,0,0,0,0,0,13,1,0,0,166,173,0,10809506,175,36357,94,VAL-DE-MARNE,94340,9,REGION PARISIENNE,-1,-1,0,0,1,0,0,0,0,0,0,0,0,0,0,1,0,0,1,1,1,1,1,1,1,1,1,1,1
1278,44,0,0,0,0,46,49,176,0,0,0,0,0,0,0,0,0,0,0,0,166,173,0,10809915,175,3646,10,AUBE,10210,2,BP EST,-1,-1,0,0,0,0,0,0,0,0,0,0,0,0,0,0,0,0,1,1,1,1,1,1,1,1,1,1,1
1279,0,0,0,0,0,0,0,0,0,0,0,0,0,0,0,0,0,0,0,0,166,0,0,52,0,0,0,0,0,0,0,-1,-1,0,0,0,0,0,0,0,0,0,0,0,0,0,0,0,0,1,1,1,1,1,1,1,1,1,1,1
1280,44,0,0,0,0,47,51,176,0,0,0,0,0,0,0,0,0,0,0,0,166,173,0,10809917,175,0,0,0,0,0,0,-1,-1,0,0,0,0,0,0,0,0,0,0,0,0,0,0,0,0,1,1,1,1,1,1,1,1,1,1,1
1281,0,0,0,0,0,0,0,0,0,0,0,0,0,0,0,0,0,0,0,0,166,0,0,10809918,175,0,0,0,0,0,0,-1,-1,0,0,0,0,0,0,0,0,0,0,0,0,0,0,0,0,1,1,1,1,1,1,1,1,1,1,1
1282,0,0,0,0,0,0,0,0,0,0,0,0,0,0,0,0,0,0,0,0,166,173,0,10809919,175,0,0,0,0,0,0,-1,-1,0,0,0,0,0,0,0,0,0,0,0,0,0,0,0,0,1,1,1,1,1,1,1,1,1,1,1
1283,0,0,0,0,0,0,0,0,0,0,0,0,0,0,0,0,0,0,0,0,167,0,0,29,0,0,0,0,0,0,0,-1,0,0,0,0,0,0,0,0,0,0,0,0,0,0,0,0,0,1,1,1,1,1,1,1,1,1,1,1
1284,0,0,0,0,0,0,0,0,0,0,0,0,0,0,0,0,0,0,0,0,166,0,0,10809922,175,0,0,0,0,0,0,-1,-1,0,0,0,0,0,0,0,0,0,0,0,0,0,0,0,0,1,1,1,1,1,1,1,1,1,1,1
1285,43,0,0,0,0,48,50,56,0,Non,69,70,87,72,82,0,15,8,Fhh,0,166,173,NSP,125683,175,36516,95,VAL-D'OISE,95520,9,REGION PARISIENNE,-1,-1,0,0,0,0,0,0,0,1,0,0,0,0,0,0,1,0,1,1,1,1,1,1,1,1,1,1,1
1286,44,0,0,0,0,46,50,176,0,sdhggrf,66,84,70,71,78,44391,25,3,shgftr,0,166,174,42,10809924,175,30780,75,PARIS,75001,9,REGION PARISIENNE,-1,-1,0,0,0,0,0,0,0,0,0,0,0,0,1,1,0,0,1,1,1,1,1,1,1,1,1,1,1
28,44,0,0,0,0,46,52,176,0,0,0,0,0,0,0,0,13,0,0,0,168,173,0,5803848,175,1004,02,AISNE,02160,2,BP EST,0,0,0,0,1,0,0,0,0,0,0,0,0,0,0,0,0,0,1,1,1,1,1,1,1,1,1,1,1
1287,0,0,0,0,0,0,0,176,0,0,0,0,0,0,0,0,0,0,0,0,166,173,0,10809927,175,0,0,0,0,0,0,-1,-1,0,0,0,0,0,0,0,0,0,0,0,0,0,0,0,0,1,1,1,1,1,1,1,1,1,1,1
1288,44,0,0,0,0,46,50,176,0,"plus agréable

",65,79,72,77,71,44398,23,4,"sympa, drôle
",0,166,174,40,10809928,175,17419,45,LOIRET,45000,3,BP OUEST,-1,-1,0,0,0,0,0,0,1,0,1,0,0,0,0,0,0,0,1,1,1,1,1,1,1,1,1,1,1
1289,43,0,0,0,0,46,49,176,0,0,0,0,0,0,0,0,0,0,0,0,166,173,0,10809926,175,0,0,0,0,0,0,-1,-1,0,0,0,0,0,0,0,0,0,0,0,0,0,0,0,0,1,1,1,1,1,1,1,1,1,1,1
1290,0,0,0,0,0,0,0,0,0,0,0,0,0,0,0,0,0,0,0,0,166,0,0,125764,175,0,0,0,0,0,0,0,0,0,0,0,0,0,0,0,0,0,0,0,0,0,0,0,0,1,1,1,1,1,1,1,1,1,1,1
1291,0,0,192,0,0,0,0,176,0,0,0,0,0,0,0,0,0,0,0,0,166,173,0,10809930,175,0,0,0,0,0,0,3,0,<p>Name:Askia</p><p>Region: 1</p>,0,0,0,0,0,0,0,0,0,0,0,0,0,0,0,1,1,1,1,1,1,1,1,1,1,1
1292,0,0,0,0,0,0,0,0,0,0,0,0,0,0,0,0,0,0,0,0,166,0,0,125781,175,0,0,0,0,0,0,0,0,0,0,0,0,0,0,0,0,0,0,0,0,0,0,0,0,1,1,1,1,1,1,1,1,1,1,1
1293,0,0,0,0,0,0,0,0,0,0,0,0,0,0,0,0,0,0,0,0,166,0,0,125784,175,0,0,0,0,0,0,0,0,0,0,0,0,0,0,0,0,0,0,0,0,0,0,0,0,1,1,1,1,1,1,1,1,1,1,1
1294,0,0,0,0,0,0,0,0,0,0,0,0,0,0,0,0,0,0,0,0,166,0,0,125785,175,0,0,0,0,0,0,0,0,0,0,0,0,0,0,0,0,0,0,0,0,0,0,0,0,1,1,1,1,1,1,1,1,1,1,1
1295,0,0,0,0,0,0,0,176,0,0,0,0,0,0,0,0,0,0,0,0,166,173,0,11810118,175,0,0,0,0,0,0,-1,-1,0,0,0,0,0,0,0,0,0,0,0,0,0,0,0,0,1,1,1,1,1,1,1,1,1,1,1
1296,44,0,192,0,0,47,50,176,0,0,0,0,0,0,0,0,0,0,0,0,166,173,0,11810126,175,0,0,0,0,0,0,1,0,<p>Name:Blue</p><p>Region: 1</p>,0,0,0,0,0,0,0,0,0,0,0,0,0,0,0,1,1,1,1,1,1,1,1,1,1,1
29,0,0,0,0,0,0,0,0,0,0,0,0,0,0,0,0,0,0,0,0,166,0,0,5803849,175,0,0,0,0,0,0,0,0,0,0,0,0,0,0,0,0,0,0,0,0,0,0,0,0,1,1,1,1,1,1,1,1,1,1,1
1297,0,0,0,0,0,0,0,56,0,0,0,0,0,0,0,0,0,0,0,0,166,173,0,128486,175,0,0,0,0,0,0,0,0,0,0,0,0,0,0,0,0,0,0,0,0,0,0,0,0,1,1,1,1,1,1,1,1,1,1,1
1298,44,0,0,0,0,47,50,176,0,0,0,0,0,0,0,0,NSP,0,0,0,166,173,0,11810131,175,24379,61,ORNE,61000,3,BP OUEST,-1,-1,0,0,0,0,0,0,0,0,0,0,0,0,0,0,0,0,1,1,1,1,1,1,1,1,1,1,1
1299,43,0,0,0,0,NSP,50,56,0,0,0,0,0,0,0,0,0,0,0,0,166,173,0,128589,175,0,0,0,0,0,0,0,0,0,0,0,0,0,0,0,0,0,0,0,0,0,0,0,0,1,1,1,1,1,1,1,1,1,1,1
1300,0,0,0,0,0,0,0,0,0,0,0,0,0,0,0,0,0,0,0,0,167,0,0,26,0,0,0,0,0,0,0,-1,-1,0,0,0,0,0,0,0,0,0,0,0,0,0,0,0,0,1,1,1,1,1,1,1,1,1,1,1
1301,44,0,0,0,0,46,49,56,0,0,0,0,0,0,0,0,0,0,0,0,166,173,0,128639,175,0,0,0,0,0,0,0,0,0,0,0,0,0,0,0,0,0,0,0,0,0,0,0,0,1,1,1,1,1,1,1,1,1,1,1
1302,44,0,0,0,0,47,50,176,0,0,0,0,0,0,0,0,0,0,0,0,166,174,0,12810227,175,28079,68,HAUT-RHIN,68000,8,EST,-1,-1,0,0,0,0,0,0,0,0,0,0,0,0,0,0,0,0,1,1,1,1,1,1,1,1,1,1,1
1303,44,0,0,0,0,48,51,176,0,0,0,0,0,0,0,0,0,0,0,0,166,174,0,12810228,175,262,01,AIN,01800,7,CENTRE EST,-1,-1,0,0,0,0,0,0,0,0,0,0,0,0,0,0,0,0,1,1,1,1,1,1,1,1,1,1,1
1304,0,0,0,0,0,0,0,0,0,0,0,0,0,0,0,0,0,0,0,0,168,0,0,104,0,0,0,0,0,0,0,-1,-1,0,0,0,0,0,0,0,0,0,0,0,0,0,0,0,0,1,1,1,1,1,1,1,1,1,1,1
1305,0,0,0,0,0,0,0,0,0,0,0,0,0,0,0,0,0,0,0,0,166,0,0,128647,175,0,0,0,0,0,0,0,0,0,0,0,0,0,0,0,0,0,0,0,0,0,0,0,0,1,1,1,1,1,1,1,1,1,1,1
1306,0,0,0,0,0,0,0,0,0,0,0,0,0,0,0,0,0,0,0,0,168,0,0,115,0,0,0,0,0,0,0,-1,-1,0,0,0,0,0,0,0,0,0,0,0,0,0,0,0,0,1,1,1,1,1,1,1,1,1,1,1
3,43,0,0,0,0,47,51,176,0,0,0,0,0,0,0,0,0,0,0,0,166,173,0,4803129,175,36267,92,HAUTS-DE-SEINE,92100,9,REGION PARISIENNE,0,0,0,0,0,0,0,0,0,0,0,0,0,0,0,0,0,0,1,1,1,1,1,1,1,1,1,1,1
30,0,0,0,0,0,0,0,0,0,0,0,0,0,0,0,0,0,0,0,0,166,0,0,5803851,175,0,0,0,0,0,0,0,0,0,0,0,0,0,0,0,0,0,0,0,0,0,0,0,0,1,1,1,1,1,1,1,1,1,1,1
1307,0,0,0,0,0,0,49,0,0,BISON MODIFIED bla dit is een test van maarten met BISON - en terug aangepast ein supervisor Test modification to question answer,64,88,78,79,79,0,15,8,0,0,166,173,NSP,13810355,175,23375,59,NORD,59000,1,NORD,0,0,<p>Name:Gray</p><p>Region: 3</p>,0,0,0,1,0,0,0,0,0,0,1,0,0,0,0,1,1,1,1,1,1,1,1,1,1,1
1308,0,0,0,0,0,0,0,0,0,0,0,0,0,0,0,0,0,0,0,0,166,0,0,13810356,175,0,0,0,0,0,0,-1,-1,0,0,0,0,0,0,0,0,0,0,0,0,0,0,0,0,1,1,1,1,1,1,1,1,1,1,1
1309,0,0,0,0,0,0,0,0,0,0,0,0,0,0,0,0,0,0,0,0,168,0,0,118,0,0,0,0,0,0,0,-1,-1,0,0,0,0,0,0,0,0,0,0,0,0,0,0,0,0,1,1,1,1,1,1,1,1,1,1,1
1310,0,0,192,0,0,0,0,0,0,0,0,0,0,0,0,0,0,0,0,0,166,0,0,13810358,175,0,0,0,0,0,0,3,0,<p>Name:Purple</p><p>Region: 3</p>,0,0,0,0,0,0,0,0,0,0,0,0,0,0,0,1,1,1,1,1,1,1,1,1,1,1
1311,43,0,192,0,0,46,51,176,0,0,0,0,0,0,0,0,0,0,0,0,166,173,0,13810359,175,23375,59,NORD,59000,1,NORD,9,0,<p>Name:White</p><p>Region: 3</p>,0,0,0,0,0,0,0,0,0,0,0,0,0,0,0,1,1,1,1,1,1,1,1,1,1,1
1312,0,0,0,0,0,0,0,176,0,0,0,0,0,0,0,0,0,0,0,0,166,173,0,13810360,175,0,0,0,0,0,0,-1,-1,<p>Name:Askia</p><p>Region: 1</p>,0,0,0,0,0,0,0,0,0,0,0,0,0,0,0,1,1,1,1,1,1,1,1,1,1,1
1313,0,0,0,0,0,0,0,0,0,0,0,0,0,0,0,0,0,0,0,0,166,173,0,130599,175,0,0,0,0,0,0,0,0,<p>Name:Askia</p><p>Region: 1</p>,0,0,0,0,0,0,0,0,0,0,0,0,0,0,0,1,1,1,1,1,1,1,1,1,1,1
1314,44,0,0,0,0,47,49,56,0,0,0,0,0,0,0,0,NSP,0,0,0,166,174,0,130602,175,261,01,AIN,01960,7,CENTRE EST,0,0,<p>Name:</p><p>Region: </p>,0,0,0,0,0,0,0,0,0,0,0,0,0,0,0,1,1,1,1,1,1,1,1,1,1,1
1315,43,0,0,0,0,45,50,56,0,0,0,0,0,0,0,0,NSP,0,0,0,166,173,0,130603,175,1004,02,AISNE,02160,2,BP EST,0,0,<p>Name:Askia</p><p>Region: 1</p>,0,0,0,0,0,0,0,0,0,0,0,0,0,0,0,1,1,1,1,1,1,1,1,1,1,1
1316,NSP,0,191,0,0,NSP,NSP,56,0,0,0,0,0,0,0,0,0,0,0,0,166,173,0,130604,175,0,0,0,0,0,0,0,0,<p>Name:Askia</p><p>Region: 1</p>,0,0,0,0,0,0,0,0,0,0,0,0,0,0,0,1,1,1,1,1,1,1,1,1,1,1
31,43,0,0,0,0,47,51,55,0,0,0,0,0,0,0,0,0,0,0,0,166,174,0,21883,175,0,0,0,0,0,0,0,0,0,0,0,0,0,0,0,0,0,0,0,0,0,0,0,0,1,1,1,1,1,1,1,1,1,1,1
1317,0,0,192,0,0,0,0,0,0,0,0,0,0,0,0,0,0,0,0,0,168,0,0,127,0,0,0,0,0,0,0,3,0,0,0,0,0,0,0,0,0,0,0,0,0,0,0,0,0,1,1,1,1,1,1,1,1,1,1,1
1318,0,0,192,0,0,0,0,0,0,0,0,0,0,0,0,0,0,0,0,0,168,0,0,87,0,0,0,0,0,0,0,5,0,0,0,0,0,0,0,0,0,0,0,0,0,0,0,0,0,1,1,1,1,1,1,1,1,1,1,1
1319,0,0,192,0,0,0,0,0,0,0,0,0,0,0,0,0,0,0,0,0,166,NSP,0,13812365,175,0,0,0,0,0,0,-1,-1,<p>Name:Ivory</p><p>Region: 2</p>,0,0,0,0,0,0,0,0,0,0,0,0,0,0,0,1,1,1,1,1,1,1,1,1,1,1
1320,44,0,192,0,0,47,50,176,0,0,0,0,0,0,0,0,0,10,0,0,166,173,0,13812366,175,261,01,AIN,01960,7,CENTRE EST,-1,-1,<p>Name:White</p><p>Region: 2</p>,0,0,0,0,0,0,0,0,0,0,0,0,0,0,0,1,1,1,1,1,1,1,1,1,1,1
1321,43,0,191,0,0,45,50,55,0,0,0,0,0,0,0,0,0,0,0,0,166,173,0,131117,175,0,0,0,0,0,0,0,0,<p>Name:Askia</p><p>Region: 1</p>,0,0,0,0,0,0,0,0,0,0,0,0,0,0,0,1,1,1,1,1,1,1,1,1,1,1
1322,0,0,192,0,0,0,0,0,0,0,0,0,0,0,0,0,0,0,0,0,167,0,0,38,0,0,0,0,0,0,0,-1,-1,0,0,0,0,0,0,0,0,0,0,0,0,0,0,0,0,1,1,1,1,1,1,1,1,1,1,1
1323,44,0,192,0,0,46,53,176,0,qsdcqsddqsd,0,0,0,0,0,0,14,2,fzfzefzefz,0,166,173,0,7805478,175,11918,31,HAUTE-GARONNE,31130,5,SUD OUEST,-1,-1,<p>Name:Askia</p><p>Region: 1</p>,0,0,0,0,0,0,0,1,0,0,0,0,0,1,0,1,1,1,1,1,1,1,1,1,1,1
1324,0,0,192,0,0,0,0,0,0,0,0,0,0,0,0,0,0,0,0,0,166,173,0,8806594,175,0,0,0,0,0,0,3,0,<p>Name:Brawn</p><p>Region: 2</p>,0,0,0,0,0,0,0,0,0,0,0,0,0,0,0,1,1,1,1,1,1,1,1,1,1,1
1325,0,0,192,0,0,0,0,0,0,0,0,0,0,0,0,0,0,0,0,0,166,0,0,13812385,175,0,0,0,0,0,0,-1,-1,<p>Name:Gray</p><p>Region: 2</p>,0,0,0,0,0,0,0,0,0,0,0,0,0,0,0,1,1,1,1,1,1,1,1,1,1,1
1326,0,0,191,0,0,0,0,0,0,0,0,0,0,0,0,0,0,0,0,0,166,0,0,131118,175,0,0,0,0,0,0,0,0,<p>Name:</p><p>Region: </p>,0,0,0,0,0,0,0,0,0,0,0,0,0,0,0,1,1,1,1,1,1,1,1,1,1,1
32,0,0,0,0,0,0,0,0,0,0,0,0,0,0,0,0,0,0,0,0,167,173,0,5803852,175,0,0,0,0,0,0,0,0,0,0,0,0,0,0,0,0,0,0,0,0,0,0,0,0,1,1,1,1,1,1,1,1,1,1,1
1327,0,0,192,0,0,0,0,0,0,0,0,0,0,0,0,0,0,0,0,0,167,0,0,35,0,0,0,0,0,0,0,-1,-1,0,0,0,0,0,0,0,0,0,0,0,0,0,0,0,0,1,1,1,1,1,1,1,1,1,1,1
1328,0,0,192,0,0,0,0,0,0,0,0,0,0,0,0,0,0,0,0,0,167,0,0,44,0,0,0,0,0,0,0,-1,-1,0,0,0,0,0,0,0,0,0,0,0,0,0,0,0,0,1,1,1,1,1,1,1,1,1,1,1
1329,NSP,0,192,0,0,NSP,NSP,56,0,0,0,0,0,0,0,0,0,0,0,0,166,173,0,13812387,175,0,0,0,0,0,0,-1,-1,<p>Name:Brawn</p><p>Region: 2</p>,0,0,0,0,0,0,0,0,0,0,0,0,0,0,0,1,1,1,1,1,1,1,1,1,1,1
1330,43,0,192,0,0,47,52,176,0,0,0,0,0,0,0,0,0,0,0,0,166,173,0,13812472,175,0,0,0,0,0,0,-1,-1,<p>Name:Orange</p><p>Region: 2</p>,0,0,0,0,0,0,0,0,0,0,0,0,0,0,0,1,1,1,1,1,1,1,1,1,1,1
1331,NSP,0,192,0,0,NSP,NSP,56,0,0,0,0,0,0,0,0,0,0,0,0,166,173,0,13812474,175,0,0,0,0,0,0,1,0,<p>Name:Yellow</p><p>Region: 3</p>,0,0,0,0,0,0,0,0,0,0,0,0,0,0,0,1,1,1,1,1,1,1,1,1,1,1
1332,43,0,192,0,0,45,52,56,0,0,0,0,0,0,0,0,0,0,0,0,166,173,0,13812478,175,0,0,0,0,0,0,-1,-1,<p>Name:Rose</p><p>Region: 3</p>,0,0,0,0,0,0,0,0,0,0,0,0,0,0,0,1,1,1,1,1,1,1,1,1,1,1
1333,43,0,192,0,0,46,50,176,0,0,0,0,0,0,0,0,0,0,0,0,166,173,0,13812679,175,261,01,AIN,01960,7,CENTRE EST,-1,-1,<p>Name:Blue</p><p>Region: 3</p>,0,0,0,0,0,0,0,0,0,0,0,0,0,0,0,1,1,1,1,1,1,1,1,1,1,1
1334,0,0,192,0,0,0,0,0,0,0,0,0,0,0,0,0,0,0,0,0,166,0,0,13812718,175,0,0,0,0,0,0,3,0,<p>Name:White</p><p>Region: 3</p>,0,0,0,0,0,0,0,0,0,0,0,0,0,0,0,1,1,1,1,1,1,1,1,1,1,1
1335,43,0,192,0,0,46,49,176,0,fhgj,NSP,0,0,0,0,0,25,6,hfghgj,0,166,173,41,13812742,175,13639,34,H�RAULT,34000,6,MEDITERRANEE,-1,-1,<p>Name:Bossuyt</p><p>Region: 3</p>,0,0,0,0,1,0,0,0,0,0,0,0,0,1,0,1,1,1,1,1,1,1,1,1,1,1
1336,44,0,192,0,0,48,51,176,0,0,0,0,0,0,0,0,0,0,0,0,166,173,0,13812743,175,10758,28,EURE-ET-LOIR,28140,3,BP OUEST,-1,-1,<p>Name:Askia</p><p>Region: 1</p>,0,0,0,0,0,0,0,0,0,0,0,0,0,0,0,1,1,1,1,1,1,1,1,1,1,1
33,0,0,0,0,0,0,0,55,0,0,0,0,0,0,0,0,0,0,0,0,166,173,0,23247,175,0,0,0,0,0,0,0,0,0,0,0,0,0,0,0,0,0,0,0,0,0,0,0,0,1,1,1,1,1,1,1,1,1,1,1
1337,43,0,192,0,0,46,51,176,0,0,0,0,0,0,0,0,0,0,0,0,166,174,0,13812747,175,1004,02,AISNE,02160,2,BP EST,-1,-1,<p>Name:Ivory</p><p>Region: 3</p>,0,0,0,0,0,0,0,0,0,0,0,0,0,0,0,1,1,1,1,1,1,1,1,1,1,1
1338,44,ughijoklm,192,0,0,46,51,176,0,0,190,85,77,79,77,44666,0,10,0,0,166,173,40,13812749,175,261,01,AIN,01960,7,CENTRE EST,-1,-1,<p>Name:Black</p><p>Region: 3</p>,0,0,0,0,0,0,0,0,0,0,0,0,0,0,0,1,1,1,1,1,1,1,1,1,1,1
1339,44,0,192,0,0,47,49,176,0,0,0,0,0,0,0,0,0,0,0,0,166,174,0,13812741,175,0,0,0,0,0,0,-1,-1,<p>Name:Blue</p><p>Region: 3</p>,0,0,0,0,0,0,0,0,0,0,0,0,0,0,0,1,1,1,1,1,1,1,1,1,1,1
1340,0,0,192,0,0,0,0,0,0,0,0,0,0,0,0,0,0,0,0,0,166,174,0,13812877,175,0,0,0,0,0,0,9,0,<p>Name:Ivory</p><p>Region: 3</p>,0,0,0,0,0,0,0,0,0,0,0,0,0,0,0,1,1,1,1,1,1,1,1,1,1,1
1341,43,0,192,0,0,46,50,176,0,0,0,0,0,0,0,0,0,0,0,0,166,173,0,13812879,175,6813,19,CORR�ZE,19170,5,SUD OUEST,-1,-1,<p>Name:Askia</p><p>Region: 1</p>,0,0,0,0,0,0,0,0,0,0,0,0,0,0,0,1,1,1,1,1,1,1,1,1,1,1
1342,44,0,192,0,0,48,51,176,0,0,0,0,0,0,0,0,0,0,0,0,166,173,0,13812883,175,0,0,0,0,0,0,-1,-1,<p>Name:Askia</p><p>Region: 1</p>,0,0,0,0,0,0,0,0,0,0,0,0,0,0,0,1,1,1,1,1,1,1,1,1,1,1
1343,0,0,192,0,0,0,0,176,0,0,0,0,0,0,0,0,0,0,0,0,166,173,0,13812884,175,0,0,0,0,0,0,-1,-1,<p>Name:Askia</p><p>Region: 1</p>,0,0,0,0,0,0,0,0,0,0,0,0,0,0,0,1,1,1,1,1,1,1,1,1,1,1
1344,43,0,192,0,0,47,51,55,0,0,0,NSP,NSP,NSP,NSP,0,13,4,0,0,166,173,NSP,13812979,175,23375,59,NORD,59000,1,NORD,-1,-1,<p>Name:Askia</p><p>Region: 1</p>,0,0,0,0,0,0,0,0,1,0,0,0,0,0,1,1,1,1,1,1,1,1,1,1,1,1
1345,0,0,192,0,0,0,0,55,0,0,0,0,0,0,0,0,0,0,0,0,168,0,0,146,0,0,0,0,0,0,0,-1,-1,0,0,0,0,0,0,0,0,0,0,0,0,0,0,0,0,1,1,1,1,1,1,1,1,1,1,1
1346,NSP,0,192,0,0,45,54,176,0,0,0,0,0,0,0,0,0,0,0,0,166,173,0,13813290,175,0,0,0,0,0,0,-1,-1,<p>Name:Brawn</p><p>Region: 3</p>,0,0,0,0,0,0,0,0,0,0,0,0,0,0,0,1,1,1,1,1,1,1,1,1,1,1
34,0,0,0,0,0,0,0,0,0,0,0,0,0,0,0,0,0,0,0,0,166,173,0,23248,175,0,0,0,0,0,0,0,0,0,0,0,0,0,0,0,0,0,0,0,0,0,0,0,0,1,1,1,1,1,1,1,1,1,1,1
1347,0,0,192,0,0,0,0,0,0,0,0,0,0,0,0,0,0,0,0,0,168,0,0,783,0,0,0,0,0,0,0,-1,-1,0,0,0,0,0,0,0,0,0,0,0,0,0,0,0,0,1,1,1,1,1,1,1,1,1,1,1
1348,43,0,191,0,0,46,52,56,0,0,65,91,71,74,74,44805,17,5,super film mais le casting était trop héteroclite,0,166,173,39,136368,175,261,01,AIN,01960,7,CENTRE EST,0,0,<p>Name:</p><p>Region: </p>,0,0,0,0,0,1,0,1,0,0,0,0,0,0,0,1,1,1,1,1,1,1,1,1,1,1
1349,43,0,191,0,0,46,51,56,0,0,NSP,NSP,NSP,81,81,44819,14,7,topissime!,0,166,173,NSP,136369,175,11417,20,CORSE,20230,6,MEDITERRANEE,0,0,<p>Name:</p><p>Region: </p>,0,0,0,0,0,0,0,0,0,1,0,0,0,1,0,1,1,1,1,1,1,1,1,1,1,1
1350,43,0,191,0,0,46,53,56,0,0,NSP,NSP,NSP,NSP,NSP,0,0,6,"génial, émouvant, j'attends la suite avec impatience",0,166,173,NSP,136370,175,0,0,0,0,0,0,0,0,<p>Name:</p><p>Region: </p>,0,0,0,0,0,0,0,0,0,0,0,0,0,0,0,1,1,1,1,1,1,1,1,1,1,1
1351,43,0,191,0,0,47,53,56,0,0,0,NSP,0,0,0,0,15,6,"test1 , joli, grrave",0,166,174,NSP,136371,175,0,0,0,0,0,0,0,0,<p>Name:</p><p>Region: </p>,0,0,0,1,0,0,0,0,1,0,0,0,0,0,0,1,1,1,1,1,1,1,1,1,1,1
1352,44,0,192,0,0,47,51,56,0,0,65,0,0,0,0,0,0,0,0,0,166,173,0,13813301,175,0,0,0,0,0,0,-1,-1,<p>Name:White</p><p>Region: 3</p>,0,0,0,0,0,0,0,0,0,0,0,0,0,0,0,1,1,1,1,1,1,1,1,1,1,1
1353,0,0,0,testsfdjkdsjmdsfjdsfmklfdsjklm4kljmfsdqlkmqdsflkjmfdsq,0,45,49,0,0,!! !!!dit is een demo van maarten....,0,0,0,0,0,0,15,180,This was a great movie!!,0,168,174,39,13813302,0,23375,59,NOlRD,59000,1,NORD,-1,-1,<p>Name:Bossuyt</p><p>Region: 3</p>,0,1,0,0,0,0,0,0,0,1,0,0,0,0,0,1,1,1,1,1,1,1,1,1,1,1
1354,43,0,191,0,0,46,51,55,0,0,0,73,0,0,0,0,13,10,0,0,166,174,NSP,13813308,175,10758,28,EURE-ET-LOIR,28140,3,BP OUEST,-1,-1,<p>Name:Askia</p><p>Region: 1</p>,0,1,0,0,0,0,1,0,0,0,0,0,0,0,0,1,1,1,1,1,1,1,1,1,1,1
1355,43,0,191,0,0,47,51,55,0,0,68,73,80,76,75,44853,21,10,0,0,166,173,40,2,175,3119,09,ARIýGE,09300,5,SUD OUEST,0,0,<p>Name:</p><p>Region: </p>,0,1,1,0,0,0,0,0,0,0,0,0,0,0,0,1,1,1,1,1,1,1,1,1,1,1
1356,43,0,192,0,0,46,52,176,0,0,0,0,0,0,0,0,0,0,0,0,166,173,0,13813381,175,0,0,0,0,0,0,-1,-1,<p>Name:White</p><p>Region: 3</p>,0,0,0,0,0,0,0,0,0,0,0,0,0,0,0,1,1,1,1,1,1,1,1,1,1,1
35,43,0,0,0,0,45,49,176,0,0,0,0,0,0,0,0,0,0,0,0,166,173,0,5804035,175,0,0,0,0,0,0,0,0,0,0,0,0,0,0,0,0,0,0,0,0,0,0,0,0,1,1,1,1,1,1,1,1,1,1,1
1357,0,0,192,0,0,0,0,0,0,0,0,0,0,0,0,0,0,0,0,0,166,0,0,13813385,175,0,0,0,0,0,0,-1,-1,<p>Name:Purple</p><p>Region: 3</p>,0,0,0,0,0,0,0,0,0,0,0,0,0,0,0,1,1,1,1,1,1,1,1,1,1,1
1358,43,0,192,rappeler à la personne que son ....,94,47,51,56,0,0,0,0,0,0,0,0,19,0,0,0,166,173,0,13813386,175,3880,11,AUDE,11800,6,MEDITERRANEE,3,0,<p>Name:Askia</p><p>Region: 1</p>,0,0,0,0,0,0,0,0,0,0,0,0,0,0,0,1,1,1,1,1,1,1,1,1,1,1
1359,0,0,192,0,94,0,0,0,0,0,0,0,0,0,0,0,0,0,0,0,168,0,0,90,0,0,0,0,0,0,0,-1,-1,0,0,0,0,0,0,0,0,0,0,0,0,0,0,0,0,1,1,1,1,1,1,1,1,1,1,1
1360,0,0,192,0,94,0,0,0,0,0,0,0,0,0,0,0,0,0,0,0,168,0,0,444,0,0,0,0,0,0,0,3,0,0,0,0,0,0,0,0,0,0,0,0,0,0,0,0,0,1,1,1,1,1,1,1,1,1,1,1
1361,0,0,191,0,0,0,0,NSP,0,0,0,0,0,0,0,0,0,0,0,0,166,173,0,137503,175,0,0,0,0,0,0,0,0,<p>Name:</p><p>Region: </p>,0,0,0,0,0,0,0,0,0,0,0,0,0,0,0,1,1,1,1,1,1,1,1,1,1,1
2361,0,0,191,0,0,0,0,0,0,0,0,0,0,0,0,0,0,0,0,0,166,0,0,137504,175,0,0,0,0,0,0,0,0,<p>Name:</p><p>Region: </p>,0,0,0,0,0,0,0,0,0,0,0,0,0,0,0,1,1,1,1,1,1,1,1,1,1,1
2362,44,Nn,193,0,0,48,53,55,0,Bb,190,78,79,80,80,44868,20,2,Bb,0,166,174,42,1,175,27943,67,BAS-RHIN,67000,8,EST,0,0,<p>Name:</p><p>Region: </p>,0,0,1,0,0,0,0,0,0,0,0,1,0,0,0,1,1,1,1,1,1,1,1,1,1,1
2363,0,0,191,0,0,0,0,56,0,0,0,0,0,0,0,0,0,0,0,0,166,174,0,138217,175,0,0,0,0,0,0,0,0,<p>Name:</p><p>Region: </p>,0,0,0,0,0,0,0,0,0,0,0,0,0,0,0,1,1,1,1,1,1,1,1,1,1,1
2364,NSP,0,191,0,0,NSP,NSP,176,0,0,0,0,0,0,0,0,0,0,0,0,166,174,0,1,175,0,0,0,0,0,0,0,0,<p>Name:Askia</p><p>Region: 1</p>,0,0,0,0,0,0,0,0,0,0,0,0,0,0,0,1,1,1,1,1,1,1,1,1,1,1
2365,NSP,0,191,0,0,NSP,NSP,56,0,0,0,0,0,0,0,0,0,0,0,0,166,173,0,1,175,0,0,0,0,0,0,0,0,<p>Name:Askia</p><p>Region: 1</p>,0,0,0,0,0,0,0,0,0,0,0,0,0,0,0,1,1,1,1,1,1,1,1,1,1,1
36,0,0,0,0,0,0,0,0,0,0,0,0,0,0,0,0,0,0,0,0,0,0,0,27935,175,0,0,0,0,0,0,0,0,0,0,0,0,0,0,0,0,0,0,0,0,0,0,0,0,1,1,1,1,1,1,1,1,1,1,1
2366,43,0,193,0,0,47,51,56,0,0,66,83,70,76,70,44874,16,10,0,0,166,173,41,1,175,11417,20,CORSE,20230,6,MEDITERRANEE,0,0,<p>Name:</p><p>Region: </p>,0,0,1,1,0,0,0,0,0,0,0,0,0,0,0,1,1,1,1,1,1,1,1,1,1,1
2367,43,0,193,0,0,46,51,55,0,0,NSP,NSP,NSP,NSP,NSP,0,24,10,0,0,166,173,NSP,1,175,11417,20,CORSE,20230,6,MEDITERRANEE,0,0,<p>Name:</p><p>Region: </p>,0,0,0,1,0,0,0,1,0,0,0,0,0,0,0,1,1,1,1,1,1,1,1,1,1,1
2368,43,0,193,0,0,45,51,55,0,Ggg,65,75,81,80,81,44881,23,3,Big gcfh,0,166,173,39,1,175,7387,21,CýTE-D'OR,21330,2,BP EST,0,0,<p>Name:</p><p>Region: </p>,0,0,0,0,0,0,0,0,0,1,0,0,0,1,0,1,1,1,1,1,1,1,1,1,1,1
2369,43,0,192,dxyfgh,94,47,51,56,0,0,0,0,0,0,0,0,20,0,0,0,166,173,0,13813486,175,0,0,0,0,0,0,-1,-1,<p>Name:White</p><p>Region: 3</p>,0,0,0,0,0,0,0,0,0,0,0,0,0,0,0,1,1,1,1,1,1,1,1,1,1,1
2370,43,0,192,0,94,47,49,56,0,0,0,0,0,0,0,0,0,0,0,0,166,173,0,13813487,175,0,0,0,0,0,0,3,0,<p>Name:Black</p><p>Region: 3</p>,0,0,0,0,0,0,0,0,0,0,0,0,0,0,0,1,1,1,1,1,1,1,1,1,1,1
2371,43,0,193,0,0,47,51,55,0,U,65,83,81,91,91,44878,13,6,U,0,166,174,40,1,175,23798,60,OISE,60480,3,BP OUEST,0,0,<p>Name:</p><p>Region: </p>,0,0,0,1,0,0,0,1,0,0,0,0,0,0,0,1,1,1,1,1,1,1,1,1,1,1
2372,0,0,0,0,94,0,49,NSP,0,0,0,0,0,0,0,0,0,0,0,0,166,174,0,13813489,175,0,0,0,0,0,0,0,0,<p>Name:Purple</p><p>Region: 3</p>,0,0,0,0,0,0,0,0,0,0,0,0,0,0,0,1,1,1,1,1,1,1,1,1,1,1
2373,44,0,192,parler avec le mari,94,48,51,56,0,0,0,0,0,0,0,0,0,0,0,0,166,173,0,13813494,175,0,0,0,0,0,0,-1,-1,<p>Name:Askia</p><p>Region: 1</p>,0,0,0,0,0,0,0,0,0,0,0,0,0,0,0,1,1,1,1,1,1,1,1,1,1,1
2374,0,0,192,0,94,0,0,0,0,0,0,0,0,0,0,0,0,0,0,0,168,0,0,659,0,0,0,0,0,0,0,3,0,0,0,0,0,0,0,0,0,0,0,0,0,0,0,0,0,1,1,1,1,1,1,1,1,1,1,1
2375,0,0,191,0,0,0,0,0,0,0,0,0,0,0,0,0,0,0,0,0,166,0,0,138552,175,0,0,0,0,0,0,0,0,<p>Name:</p><p>Region: </p>,0,0,0,0,0,0,0,0,0,0,0,0,0,0,0,1,1,1,1,1,1,1,1,1,1,1
37,0,0,0,0,0,0,0,0,0,0,0,0,0,0,0,0,0,0,0,0,167,0,0,5804036,175,0,0,0,0,0,0,0,0,0,0,0,0,0,0,0,0,0,0,0,0,0,0,0,0,1,1,1,1,1,1,1,1,1,1,1
2376,44,0,192,0,94,46,52,55,0,0,0,0,0,0,0,0,0,0,0,0,166,173,0,13813497,175,0,0,0,0,0,0,-1,-1,<p>Name:Askia</p><p>Region: 1</p>,0,0,0,0,0,0,0,0,0,0,0,0,0,0,0,1,1,1,1,1,1,1,1,1,1,1
2377,0,0,191,0,0,0,0,0,0,0,0,0,0,0,0,0,0,0,0,0,166,0,0,138606,175,0,0,0,0,0,0,0,0,<p>Name:</p><p>Region: </p>,0,0,0,0,0,0,0,0,0,0,0,0,0,0,0,1,1,1,1,1,1,1,1,1,1,1
2378,43,0,193,Bbbb,0,47,53,55,0,0,65,83,80,81,81,44916,0,3,Ff,0,166,173,39,1,175,24558,61,ORNE,61390,3,BP OUEST,0,0,<p>Name:</p><p>Region: </p>,0,0,0,0,0,0,0,0,0,0,0,0,0,0,0,1,1,1,1,1,1,1,1,1,1,1
2379,0,0,191,0,0,0,0,NSP,0,0,0,0,0,0,0,0,0,0,0,0,166,174,0,2,175,0,0,0,0,0,0,0,0,<p>Name:Askia</p><p>Region: 1</p>,0,0,0,0,0,0,0,0,0,0,0,0,0,0,0,1,1,1,1,1,1,1,1,1,1,1
2380,43,0,193,0,0,45,49,55,0,Hh,65,75,81,83,81,44937,23,7,Hh,0,166,173,41,1,175,2021,06,ALPES-MARITIMES,06000,6,MEDITERRANEE,0,0,<p>Name:</p><p>Region: </p>,0,0,0,1,0,0,0,0,1,0,0,0,0,0,0,1,1,1,1,1,1,1,1,1,1,1
2381,0,0,191,0,0,0,0,0,0,0,0,0,0,0,0,0,0,0,0,0,166,0,0,2,175,0,0,0,0,0,0,0,0,<p>Name:Askia</p><p>Region: 1</p>,0,0,0,0,0,0,0,0,0,0,0,0,0,0,0,1,1,1,1,1,1,1,1,1,1,1
2382,43,0,192,0,94,47,50,56,0,0,0,0,0,0,0,0,21,10,0,0,166,173,0,14813628,175,3880,11,AUDE,11800,6,MEDITERRANEE,-1,-1,<p>Name:Orange</p><p>Region: 3</p>,nbgsj,0,0,0,0,0,0,0,0,1,0,0,1,0,0,1,1,1,1,1,1,1,1,1,1,1
2383,44,0,192,0,94,47,51,176,0,0,0,0,0,0,0,0,0,0,0,0,166,173,0,14813629,175,3880,11,AUDE,11800,6,MEDITERRANEE,-1,-1,<p>Name:Gray</p><p>Region: 3</p>,0,0,0,0,0,0,0,0,0,0,0,0,0,0,0,1,1,1,1,1,1,1,1,1,1,1
2384,0,0,192,0,94,0,0,0,0,0,0,0,0,0,0,0,0,0,0,0,168,0,0,295,0,0,0,0,0,0,0,3,0,0,0,0,0,0,0,0,0,0,0,0,0,0,0,0,0,1,1,1,1,1,1,1,1,1,1,1
2385,0,0,192,0,94,0,0,0,0,0,0,0,0,0,0,0,0,0,0,0,168,0,0,486,0,0,0,0,0,0,0,2,0,0,0,0,0,0,0,0,0,0,0,0,0,0,0,0,0,1,1,1,1,1,1,1,1,1,1,1
38,0,0,0,0,0,0,0,0,0,0,0,0,0,0,0,0,0,0,0,0,167,0,0,5804042,175,0,0,0,0,0,0,0,0,0,0,0,0,0,0,0,0,0,0,0,0,0,0,0,0,1,1,1,1,1,1,1,1,1,1,1
2386,0,0,192,0,94,0,0,0,0,0,0,0,0,0,0,0,0,0,0,0,168,0,0,649,0,0,0,0,0,0,0,2,0,0,0,0,0,0,0,0,0,0,0,0,0,0,0,0,0,1,1,1,1,1,1,1,1,1,1,1
2387,NSP,0,192,0,94,NSP,NSP,56,0,0,0,0,0,0,0,0,0,0,0,0,166,173,0,14813635,175,0,0,0,0,0,0,3,0,<p>Name:Ivory</p><p>Region: 3</p>,0,0,0,0,0,0,0,0,0,0,0,0,0,0,0,1,1,1,1,1,1,1,1,1,1,1
2388,0,0,192,0,94,0,0,0,0,0,0,0,0,0,0,0,0,0,0,0,168,0,0,668,0,0,0,0,0,0,0,3,0,0,0,0,0,0,0,0,0,0,0,0,0,0,0,0,0,1,1,1,1,1,1,1,1,1,1,1
2389,43,0,193,0,0,45,49,55,0,(Gh hg,69,88,80,81,81,44974,19,6, Yvutvut,0,166,173,39,3,175,2021,06,ALPES-MARITIMES,06000,6,MEDITERRANEE,0,0,<p>Name:</p><p>Region: </p>,0,0,0,0,0,0,0,0,0,1,0,0,1,0,0,1,1,1,1,1,1,1,1,1,1,1
3384,0,0,192,0,94,0,0,0,0,0,0,0,0,0,0,0,0,0,0,0,168,0,0,98,0,0,0,0,0,0,0,-1,-1,0,0,0,0,0,0,0,0,0,0,0,0,0,0,0,0,1,1,1,1,1,1,1,1,1,1,1
3385,0,0,191,0,0,0,0,0,0,0,0,0,0,0,0,0,0,0,0,0,166,0,0,152105,175,0,0,0,0,0,0,0,0,<p>Name:</p><p>Region: </p>,0,0,0,0,0,0,0,0,0,0,0,0,0,0,0,1,1,1,1,1,1,1,1,1,1,1
3386,44,0,192,0,94,47,52,56,0,0,0,0,0,0,0,0,0,0,0,0,166,173,0,15814057,175,33964,83,VAR,83240,6,MEDITERRANEE,-1,-1,<p>Name:Ivory</p><p>Region: 3</p>,0,0,0,0,0,0,0,0,0,0,0,0,0,0,0,1,1,1,1,1,1,1,1,1,1,1
3387,44,0,192,0,94,48,53,176,0,0,0,0,0,0,0,0,0,0,0,0,166,173,0,7805371,175,1936,06,ALPES-MARITIMES,06750,6,MEDITERRANEE,9,3,<p>Name:Askia</p><p>Region: 1</p>,0,0,0,0,0,0,0,0,0,0,0,0,0,0,0,1,1,1,1,1,1,1,1,1,1,1
3388,43,0,192,0,94,46,50,176,0,0,0,0,0,0,0,0,20,0,0,0,166,173,0,15814182,175,0,0,0,0,0,0,-1,-1,<p>Name:Orange</p><p>Region: 3</p>,0,0,0,0,0,0,0,0,0,0,0,0,0,0,0,1,1,1,1,1,1,1,1,1,1,1
3389,0,0,191,0,0,0,0,0,0,0,0,0,0,0,0,0,0,0,0,0,166,0,0,158109,175,0,0,0,0,0,0,0,0,<p>Name:</p><p>Region: </p>,0,0,0,0,0,0,0,0,0,0,0,0,0,0,0,1,1,1,1,1,1,1,1,1,1,1
39,0,0,0,0,0,0,0,NSP,0,0,0,0,0,0,0,0,0,0,0,0,168,173,0,29652,175,0,0,0,0,0,0,0,0,0,0,0,0,0,0,0,0,0,0,0,0,0,0,0,0,1,1,1,1,1,1,1,1,1,1,1
3390,44,0,192,0,94,47,51,176,0,0,0,0,0,0,0,0,0,0,0,0,166,174,0,7805370,175,35539,89,YONNE,89200,2,BP EST,9,3,<p>Name:Yellow</p><p>Region: 3</p>,0,0,0,0,0,0,0,0,0,0,0,0,0,0,0,1,1,1,1,1,1,1,1,1,1,1
3391,NSP,0,192,jffmqdjkdmjfdq,94,NSP,NSP,176,0,0,0,0,0,0,0,0,0,0,0,0,166,173,0,16814105,175,0,0,0,0,0,0,-1,-1,<p>Name:Askia</p><p>Region: 1</p>,0,0,0,0,0,0,0,0,0,0,0,0,0,0,0,1,1,1,1,1,1,1,1,1,1,1
3392,0,0,192,0,94,0,0,56,0,0,0,0,0,0,0,0,0,0,0,0,166,174,0,16814106,175,0,0,0,0,0,0,9,3,<p>Name:Orange</p><p>Region: 3</p>,0,0,0,0,0,0,0,0,0,0,0,0,0,0,0,1,1,1,1,1,1,1,1,1,1,1
3393,0,0,192,0,94,0,0,0,0,0,0,0,0,0,0,0,0,0,0,0,166,0,0,9808460,175,0,0,0,0,0,0,1,0,<p>Name:Yellow</p><p>Region: 3</p>,0,0,0,0,0,0,0,0,0,0,0,0,0,0,0,1,1,1,1,1,1,1,1,1,1,1
3394,0,0,192,0,94,0,0,0,0,0,0,0,0,0,0,0,0,0,0,0,168,0,0,862,0,0,0,0,0,0,0,-1,-1,0,0,0,0,0,0,0,0,0,0,0,0,0,0,0,0,1,1,1,1,1,1,1,1,1,1,1
3395,0,0,192,0,94,0,0,0,0,0,0,0,0,0,0,0,0,0,0,0,168,0,0,284,0,0,0,0,0,0,0,-1,-1,0,0,0,0,0,0,0,0,0,0,0,0,0,0,0,0,1,1,1,1,1,1,1,1,1,1,1
3396,0,0,191,0,0,0,0,NSP,0,0,0,0,0,0,0,0,0,0,0,0,166,174,0,181501,175,0,0,0,0,0,0,0,0,<p>Name:</p><p>Region: </p>,0,0,0,0,0,0,0,0,0,0,0,0,0,0,0,1,1,1,1,1,1,1,1,1,1,1
4,43,0,0,0,0,45,49,176,0,z,64,70,71,72,70,42857,24,184,z,0,168,173,39,4803130,175,11307,20,CORSE,20290,6,MEDITERRANEE,0,0,0,0,1,0,0,0,0,0,0,0,0,0,0,1,0,0,1,1,1,1,1,1,1,1,1,1,1
40,0,0,0,0,0,0,0,176,0,0,0,0,0,0,0,0,0,0,0,0,166,173,0,5804143,175,0,0,0,0,0,0,0,0,0,0,0,0,0,0,0,0,0,0,0,0,0,0,0,0,1,1,1,1,1,1,1,1,1,1,1
41,43,0,0,0,0,46,51,176,0,0,0,0,0,0,0,0,0,0,0,0,166,173,0,5804144,175,20769,54,MEURTHE-ET-MOSELLE,54200,8,EST,0,0,0,0,0,0,0,0,0,0,0,0,0,0,0,0,0,0,1,1,1,1,1,1,1,1,1,1,1
42,0,0,0,0,0,0,0,0,0,0,0,0,0,0,0,0,0,0,0,0,166,0,0,5804252,175,0,0,0,0,0,0,0,0,0,0,0,0,0,0,0,0,0,0,0,0,0,0,0,0,1,1,1,1,1,1,1,1,1,1,1
43,0,0,0,0,0,0,0,0,0,0,0,0,0,0,0,0,0,0,0,0,167,0,0,5804260,175,0,0,0,0,0,0,0,0,0,0,0,0,0,0,0,0,0,0,0,0,0,0,0,0,1,1,1,1,1,1,1,1,1,1,1
44,0,0,0,0,0,0,0,0,0,0,0,0,0,0,0,0,0,0,0,0,168,0,0,5804268,175,0,0,0,0,0,0,0,0,0,0,0,0,0,0,0,0,0,0,0,0,0,0,0,0,1,1,1,1,1,1,1,1,1,1,1
45,0,0,0,0,0,0,0,0,0,0,0,0,0,0,0,0,0,0,0,0,168,0,0,5804271,175,0,0,0,0,0,0,0,0,0,0,0,0,0,0,0,0,0,0,0,0,0,0,0,0,1,1,1,1,1,1,1,1,1,1,1
46,0,0,0,0,0,0,0,0,0,0,0,0,0,0,0,0,0,0,0,0,168,0,0,5804272,175,0,0,0,0,0,0,0,0,0,0,0,0,0,0,0,0,0,0,0,0,0,0,0,0,1,1,1,1,1,1,1,1,1,1,1
47,0,0,0,0,0,0,0,0,0,0,0,0,0,0,0,0,0,0,0,0,167,0,0,5804274,175,0,0,0,0,0,0,0,0,0,0,0,0,0,0,0,0,0,0,0,0,0,0,0,0,1,1,1,1,1,1,1,1,1,1,1
48,0,0,0,0,0,0,0,0,0,0,0,0,0,0,0,0,0,0,0,0,168,0,0,5804275,175,0,0,0,0,0,0,0,0,0,0,0,0,0,0,0,0,0,0,0,0,0,0,0,0,1,1,1,1,1,1,1,1,1,1,1
49,0,0,0,0,0,0,0,0,0,0,0,0,0,0,0,0,0,0,0,0,167,0,0,5804276,175,0,0,0,0,0,0,0,0,0,0,0,0,0,0,0,0,0,0,0,0,0,0,0,0,1,1,1,1,1,1,1,1,1,1,1
5,0,0,0,0,0,0,0,0,0,0,0,0,0,0,0,0,0,0,0,0,166,173,0,13626,175,0,0,0,0,0,0,0,0,0,0,0,0,0,0,0,0,0,0,0,0,0,0,0,0,1,1,1,1,1,1,1,1,1,1,1
50,0,0,0,0,0,0,0,0,0,0,0,0,0,0,0,0,0,0,0,0,166,0,0,5804281,175,0,0,0,0,0,0,0,0,0,0,0,0,0,0,0,0,0,0,0,0,0,0,0,0,1,1,1,1,1,1,1,1,1,1,1
51,43,0,0,0,0,46,50,176,0,0,0,0,0,0,0,0,0,0,0,0,166,174,0,5804282,175,0,0,0,0,0,0,0,0,0,0,0,0,0,0,0,0,0,0,0,0,0,0,0,0,1,1,1,1,1,1,1,1,1,1,1
52,43,0,0,0,0,46,50,176,0,0,190,78,73,74,76,42981,24,183,test,0,167,173,41,5804283,175,35569,89,YONNE,89630,2,BP EST,0,0,0,0,0,0,0,0,0,0,0,0,0,0,0,0,0,0,1,1,1,1,1,1,1,1,1,1,1
53,0,0,0,0,0,0,0,0,0,0,0,0,0,0,0,0,0,0,0,0,166,0,0,5804284,175,0,0,0,0,0,0,0,0,0,0,0,0,0,0,0,0,0,0,0,0,0,0,0,0,1,1,1,1,1,1,1,1,1,1,1
54,0,0,0,0,0,0,0,176,0,0,0,0,0,0,0,0,0,0,0,0,166,173,0,5804285,175,0,0,0,0,0,0,0,0,0,0,0,0,0,0,0,0,0,0,0,0,0,0,0,0,1,1,1,1,1,1,1,1,1,1,1
55,0,0,0,0,0,0,0,0,0,0,0,0,0,0,0,0,0,0,0,0,168,0,0,5804286,175,0,0,0,0,0,0,0,0,0,0,0,0,0,0,0,0,0,0,0,0,0,0,0,0,1,1,1,1,1,1,1,1,1,1,1
56,44,0,0,0,0,47,51,176,0,TTTT,64,76,72,75,73,43045,24,183,TTE,0,167,173,41,5804287,175,28515,69,RHÔNE,69000,7,CENTRE EST,0,0,0,0,0,1,0,0,0,0,0,0,0,1,0,0,0,0,1,1,1,1,1,1,1,1,1,1,1
57,0,0,0,0,0,0,0,0,0,0,0,0,0,0,0,0,0,0,0,0,166,0,0,5804294,175,0,0,0,0,0,0,0,0,0,0,0,0,0,0,0,0,0,0,0,0,0,0,0,0,1,1,1,1,1,1,1,1,1,1,1
58,0,0,0,0,0,0,0,0,0,0,0,0,0,0,0,0,0,0,0,0,166,0,0,5804295,175,0,0,0,0,0,0,0,0,0,0,0,0,0,0,0,0,0,0,0,0,0,0,0,0,1,1,1,1,1,1,1,1,1,1,1
59,43,0,0,0,0,47,50,176,0,0,0,0,0,0,0,0,0,0,0,0,168,174,0,5804297,175,6367,18,CHER,18110,3,BP OUEST,0,0,0,0,0,0,0,0,0,0,0,0,0,0,0,0,0,0,1,1,1,1,1,1,1,1,1,1,1
6,0,0,0,0,0,0,0,0,0,0,0,0,0,0,0,0,0,0,0,0,0,0,0,14334,175,0,0,0,0,0,0,0,0,0,0,0,0,0,0,0,0,0,0,0,0,0,0,0,0,1,1,1,1,1,1,1,1,1,1,1
60,0,0,0,0,0,0,0,0,0,0,0,0,0,0,0,0,0,0,0,0,166,0,0,5804315,175,0,0,0,0,0,0,0,0,0,0,0,0,0,0,0,0,0,0,0,0,0,0,0,0,1,1,1,1,1,1,1,1,1,1,1
61,0,0,0,0,0,0,0,0,0,0,0,0,0,0,0,0,0,0,0,0,166,0,0,35610,175,0,0,0,0,0,0,0,0,0,0,0,0,0,0,0,0,0,0,0,0,0,0,0,0,1,1,1,1,1,1,1,1,1,1,1
62,0,0,0,0,0,0,0,0,0,0,0,0,0,0,0,0,0,0,0,0,0,0,0,35612,175,0,0,0,0,0,0,0,0,0,0,0,0,0,0,0,0,0,0,0,0,0,0,0,0,1,1,1,1,1,1,1,1,1,1,1
63,0,0,0,0,0,0,0,0,0,0,0,0,0,0,0,0,0,0,0,0,166,0,0,35611,175,0,0,0,0,0,0,0,0,0,0,0,0,0,0,0,0,0,0,0,0,0,0,0,0,1,1,1,1,1,1,1,1,1,1,1
64,NSP,0,0,0,0,0,0,176,0,0,0,0,0,0,0,0,0,0,0,0,166,173,0,5804320,175,0,0,0,0,0,0,0,0,0,0,0,0,0,0,0,0,0,0,0,0,0,0,0,0,1,1,1,1,1,1,1,1,1,1,1
65,0,0,0,0,0,0,0,0,0,0,0,0,0,0,0,0,0,0,0,0,166,0,0,35613,175,0,0,0,0,0,0,0,0,0,0,0,0,0,0,0,0,0,0,0,0,0,0,0,0,1,1,1,1,1,1,1,1,1,1,1
66,43,0,0,0,0,46,52,176,0,0,0,0,0,0,0,0,0,0,0,0,168,173,0,5804321,175,262,01,AIN,01800,7,CENTRE EST,0,0,0,0,0,0,0,0,0,0,0,0,0,0,0,0,0,0,1,1,1,1,1,1,1,1,1,1,1
67,0,0,0,0,0,0,0,0,0,0,0,0,0,0,0,0,0,0,0,0,166,0,0,35614,175,0,0,0,0,0,0,0,0,0,0,0,0,0,0,0,0,0,0,0,0,0,0,0,0,1,1,1,1,1,1,1,1,1,1,1
68,0,0,0,0,0,0,0,0,0,0,0,0,0,0,0,0,0,0,0,0,0,0,0,35811,175,0,0,0,0,0,0,0,0,0,0,0,0,0,0,0,0,0,0,0,0,0,0,0,0,1,1,1,1,1,1,1,1,1,1,1
69,0,0,0,0,0,0,0,0,0,0,0,0,0,0,0,0,0,0,0,0,168,0,0,5804291,175,0,0,0,0,0,0,0,0,0,0,0,0,0,0,0,0,0,0,0,0,0,0,0,0,1,1,1,1,1,1,1,1,1,1,1
7,NSP,0,0,0,0,0,0,176,0,0,0,0,0,0,0,0,0,0,0,0,167,174,0,4803430,175,0,0,0,0,0,0,0,0,0,0,0,0,0,0,0,0,0,0,0,0,0,0,0,0,1,1,1,1,1,1,1,1,1,1,1
70,0,0,0,0,0,0,0,0,0,0,0,0,0,0,0,0,0,0,0,0,167,0,0,5804323,175,0,0,0,0,0,0,0,0,0,0,0,0,0,0,0,0,0,0,0,0,0,0,0,0,1,1,1,1,1,1,1,1,1,1,1
71,0,0,0,0,0,0,0,0,0,0,0,0,0,0,0,0,0,0,0,0,168,0,0,5804324,175,0,0,0,0,0,0,0,0,0,0,0,0,0,0,0,0,0,0,0,0,0,0,0,0,1,1,1,1,1,1,1,1,1,1,1
72,0,0,0,0,0,0,0,0,0,0,0,0,0,0,0,0,0,0,0,0,167,0,0,6804348,175,0,0,0,0,0,0,0,0,0,0,0,0,0,0,0,0,0,0,0,0,0,0,0,0,1,1,1,1,1,1,1,1,1,1,1
73,44,0,0,0,0,45,49,56,0,0,0,0,0,0,0,0,0,0,0,0,166,173,0,36433,175,0,0,0,0,0,0,0,0,0,0,0,0,0,0,0,0,0,0,0,0,0,0,0,0,1,1,1,1,1,1,1,1,1,1,1
74,43,0,0,0,0,47,50,176,0,0,0,0,0,0,0,0,0,0,0,0,166,173,0,36434,175,0,0,0,0,0,0,0,0,0,0,0,0,0,0,0,0,0,0,0,0,0,0,0,0,1,1,1,1,1,1,1,1,1,1,1
75,0,0,0,0,0,0,0,0,0,0,0,0,0,0,0,0,0,0,0,0,166,0,0,36729,175,0,0,0,0,0,0,0,0,0,0,0,0,0,0,0,0,0,0,0,0,0,0,0,0,1,1,1,1,1,1,1,1,1,1,1
76,0,0,0,0,0,0,0,0,0,0,0,0,0,0,0,0,0,0,0,0,166,0,0,39463h,175,0,0,0,0,0,0,0,0,0,0,0,0,0,0,0,0,0,0,0,0,0,0,0,0,1,1,1,1,1,1,1,1,1,1,1
77,43,0,0,0,0,47,50,176,0,0,0,0,0,0,0,0,0,0,0,0,168,174,0,5804297,175,6367,18,CHER,18110,3,BP OUEST,0,0,0,0,0,0,0,0,0,0,0,0,0,0,0,0,0,0,1,1,1,1,1,1,1,1,1,1,1
78,43,0,0,0,0,45,49,176,0,0,0,0,0,0,0,0,0,0,0,0,166,173,0,7804458,175,0,0,0,0,0,0,0,0,0,0,0,0,0,0,0,0,0,0,0,0,0,0,0,0,1,1,1,1,1,1,1,1,1,1,1
79,43,0,0,0,0,45,49,176,0,0,0,0,0,0,0,0,0,0,0,0,168,173,0,7804459,175,0,0,0,0,0,0,0,0,0,0,0,0,0,0,0,0,0,0,0,0,0,0,0,0,1,1,1,1,1,1,1,1,1,1,1
8,43,0,0,0,0,45,50,176,0,0,64,74,70,77,74,42900,18,182,ddqs,0,167,173,40,4803435,175,262,01,AIN,01800,7,CENTRE EST,0,0,0,0,0,0,0,0,0,0,0,0,0,0,0,0,0,0,1,1,1,1,1,1,1,1,1,1,1
80,0,0,0,0,0,0,0,176,0,0,0,0,0,0,0,0,0,0,0,0,168,173,0,7804460,175,0,0,0,0,0,0,0,0,0,0,0,0,0,0,0,0,0,0,0,0,0,0,0,0,1,1,1,1,1,1,1,1,1,1,1
81,43,0,0,0,0,45,49,176,0,0,190,87,70,71,70,43133,23,183,dzdz,0,166,173,NSP,5804284,175,262,01,AIN,01800,7,CENTRE EST,0,0,0,0,0,0,0,0,0,0,0,0,0,0,0,0,0,0,1,1,1,1,1,1,1,1,1,1,1
82,44,0,0,0,0,47,51,176,0,TTTT,64,76,72,75,73,43045,24,183,TTE,0,167,173,41,5804287,175,28515,69,RHÔNE,69000,7,CENTRE EST,0,0,0,0,0,1,0,0,0,0,0,0,0,1,0,0,0,0,1,1,1,1,1,1,1,1,1,1,1
83,0,0,0,0,0,0,0,176,0,0,0,0,0,0,0,0,0,0,0,0,166,173,0,5804143,175,0,0,0,0,0,0,0,0,0,0,0,0,0,0,0,0,0,0,0,0,0,0,0,0,1,1,1,1,1,1,1,1,1,1,1
84,0,0,0,0,0,0,0,0,0,0,0,0,0,0,0,0,0,0,0,0,167,0,0,5804274,175,0,0,0,0,0,0,0,0,0,0,0,0,0,0,0,0,0,0,0,0,0,0,0,0,1,1,1,1,1,1,1,1,1,1,1
85,43,0,0,0,0,47,50,176,0,0,0,0,0,0,0,0,0,0,0,0,167,173,0,7804665,175,262,01,AIN,01800,7,CENTRE EST,0,0,0,0,0,0,0,0,0,0,0,0,0,0,0,0,0,0,1,1,1,1,1,1,1,1,1,1,1
86,43,0,0,0,0,47,50,176,0,0,0,0,0,0,0,0,0,0,0,0,168,173,0,7804667,175,261,01,AIN,01960,7,CENTRE EST,9,0,0,0,0,0,0,0,0,0,0,0,0,0,0,0,0,0,1,1,1,1,1,1,1,1,1,1,1
87,43,0,0,0,0,47,51,176,0,0,0,0,0,0,0,0,24,186,wq,0,167,173,0,7804668,175,11417,20,CORSE,20230,6,MEDITERRANEE,0,0,0,0,0,0,0,0,0,0,0,0,0,0,0,0,0,0,1,1,1,1,1,1,1,1,1,1,1
88,43,0,0,0,0,45,50,176,0,0,0,0,0,0,0,0,0,0,0,0,168,173,0,7804669,175,16656,42,LOIRE,42170,7,CENTRE EST,0,0,0,0,0,0,0,0,0,0,0,0,0,0,0,0,0,0,1,1,1,1,1,1,1,1,1,1,1
91,NSP,0,0,0,0,0,0,176,0,0,0,0,0,0,0,0,0,0,0,0,166,173,0,7804679,175,0,0,0,0,0,0,0,0,0,0,0,0,0,0,0,0,0,0,0,0,0,0,0,0,1,1,1,1,1,1,1,1,1,1,1
9,0,0,0,0,0,0,0,176,0,0,0,0,0,0,0,0,0,0,0,0,168,173,0,5803436,175,0,0,0,0,0,0,0,0,0,0,0,0,0,0,0,0,0,0,0,0,0,0,0,0,1,1,1,1,1,1,1,1,1,1,1
92,43,0,0,0,0,46,52,176,0,0,66,86,75,76,76,0,24,186,0,0,168,173,40,7804682,175,1004,02,AISNE,02160,2,BP EST,0,0,0,0,0,0,0,0,0,0,0,0,0,0,0,1,0,1,1,1,1,1,1,1,1,1,1,1,1
93,43,0,0,0,0,46,50,176,0,0,NSP,0,0,0,0,0,0,0,"grrr
",0,167,173,41,7804760,175,32963,80,SOMME,80260,2,BP EST,0,0,0,0,0,0,0,0,0,0,0,0,0,0,0,0,0,0,1,1,1,1,1,1,1,1,1,1,1
94,0,0,0,0,0,0,0,176,0,0,0,0,0,0,0,0,0,0,0,0,166,173,0,5804143,175,0,0,0,0,0,0,0,0,0,0,0,0,0,0,0,0,0,0,0,0,0,0,0,0,1,1,1,1,1,1,1,1,1,1,1
95,0,0,0,0,0,0,0,176,0,0,0,0,0,0,0,0,0,0,0,0,166,173,0,5804285,175,0,0,0,0,0,0,0,0,0,0,0,0,0,0,0,0,0,0,0,0,0,0,0,0,1,1,1,1,1,1,1,1,1,1,1
96,43,0,0,0,0,47,53,176,0,0,190,73,72,75,74,43220,0,0,ah putain j'en ai vu un qui etait n.... a c...,0,167,173,42,5804287,175,36284,92,HAUTS-DE-SEINE,92360,9,REGION PARISIENNE,0,0,0,0,0,0,0,0,0,0,0,0,0,0,0,0,0,0,1,1,1,1,1,1,1,1,1,1,1
97,0,0,0,0,0,0,0,0,0,0,0,0,0,0,0,0,0,0,0,0,166,0,0,5804315,175,0,0,0,0,0,0,0,0,0,0,0,0,0,0,0,0,0,0,0,0,0,0,0,0,1,1,1,1,1,1,1,1,1,1,1
98,0,0,0,0,0,0,0,0,0,0,0,0,0,0,0,0,0,0,0,0,168,0,0,5804286,175,0,0,0,0,0,0,0,0,0,0,0,0,0,0,0,0,0,0,0,0,0,0,0,0,1,1,1,1,1,1,1,1,1,1,1
99,43,0,0,0,0,48,50,176,0,0,0,0,0,0,0,0,0,0,0,0,166,173,0,7804767,175,263,01,AIN,01540,7,CENTRE EST,0,0,0,0,0,0,0,0,0,0,0,0,0,0,0,0,0,0,1,1,1,1,1,1,1,1,1,1,1
100,43,0,0,0,0,46,49,176,0,e,64,88,70,71,70,43230,26,187,e,0,166,173,39,5804294,175,260,01,AIN,01630,7,CENTRE EST,0,0,0,0,0,0,0,0,0,0,0,0,0,0,0,1,0,1,1,1,1,1,1,1,1,1,1,1,1
101,0,0,0,0,0,0,0,0,0,0,0,0,0,0,0,0,0,0,0,0,167,0,0,5804274,175,0,0,0,0,0,0,0,0,0,0,0,0,0,0,0,0,0,0,0,0,0,0,0,0,1,1,1,1,1,1,1,1,1,1,1
